(2, 'Sciences Po Lyon - Institut d''Etudes Politiques', '19993', '08b05b34b58a64221be95c12131a22fe.png'),
(3, 'Université Nancy 2', '12542', 'fb3b632a5f5a4474b7c6caa8d4863f2b.png'),
(4, '--', '12485', 'eee44b3ea9ee14dc05ee98d55ebe0149.png'),
(5, 'ESCP Europe', '19908', '4a32a917ec2bfab159bd8e1d6d9b7c74.png'),
(6, 'Pierre and Marie Curie University', '12554', 'bf2052401758b08450d602b299736ebb.png'),
(7, 'Université Paris Dauphine', '12546', 'cc1fc20248901df04a7ae7fd6ff7e718.png'),
(8, 'Université Panthéon Assas (Paris II)', '12543', 'a80808ad9e437d9ea6044e5c2b897019.png'),
(9, 'EDC Paris Business School', '43020', 'd41d8cd98f00b204e9800998ecf8427e.'),
(10, 'Université Nice Sophia Antipolis', '12504', '44da3f8653255f9ae7bb8056dd186150.png'),
(11, 'Università di Bologna', '13901', '2bf5406078443e51c9d8546801f89088.png'),
(12, 'Toulouse Business School', '12417', 'f318330cdd28968fad94ccc48b33ddb1.png'),
(13, 'Rouen Business School', '12416', 'd697809f0574be4de93a02d36ea2dad2.png'),
(14, 'OpenClassrooms', '379021', '79cfef30ce8c03370632c40770259575.png'),
(15, 'HEC School of Management', '12443', '461b80920a15b60ac84daf70fad31522.png'),
(16, 'ISAE-SUPAERO', '164075', '475361f84361295e760b52257d5f7c41.png'),
(17, 'Université Panthéon Sorbonne (Paris I)', '12544', 'd0fc8346801cb73b4b86d34da477acc3.png'),
(18, 'CentraleSupélec', '12303', '6d5c268983ebb51dcf655306fe227872.png'),
(19, 'Ecole nationale supérieure des Mines de Saint-Etienne', '12381', '3badeed35e733c1e233f1b2e03ffb78f.png'),
(20, 'ESSEC - ESSEC Business School', '12436', '68a6e4745e9e77bf9c648e37996d62b9.png'),
(21, 'École de Biologie Industrielle', '357068', 'e126ab0120e806b1512ed32fc53aee54.png'),
(22, 'INSEEC', '20332', 'bbf313b21a8186d29c9b3ad4b0357b23.png'),
(23, 'Institut national des Langues et Civilisations orientales', '12459', '2789545bc185567ab16fa8864da471ab.png'),
(24, 'Université Paris-Est Créteil (UPEC)', '12545', 'e2f9b7d272e486ba2dd10bb4410d802d.png'),
(25, 'Emmanuel College', '18476', '53355e30471424fd47479638b7f66e23.png'),
(26, 'Boston University', '18461', '623c7c2783096c1e1f700e336f328aea.png'),
(27, 'Ecole normale supérieure', '12394', 'e2f80ae1ae147bc9b509914c18790fac.png'),
(28, 'Université René Descartes (Paris V)', '12556', '935a01e58c76beea3d3131fe63eaf8eb.png'),
(29, 'EMLYON Business School', '12324', 'd049d42c55fd06000befeb262d58e6c6.png'),
(30, 'HEC Montréal', '10894', '61300352e68c265523feee4274550b59.png'),
(31, '华东师范大学', '11106', 'c1db60c4d0c61823de93ad65d64e2fd1.png'),
(32, 'Audencia Nantes Ecole de Management', '19998', 'e1315358d32666ea77487efb0430fa8a.png'),
(33, 'Universidad Católica de Santa María', '15554', 'e38bc77b438003c0198934423f263fd1.png'),
(34, 'SKEMA Business School', '22499', '0bbddf9b5ef27ebad63b09c92b9287ce.png'),
(35, 'Uniwersytet Ekonomiczny w Krakowie', '15904', 'dcf2d8d72cc6da13b85c99bb93424502.png'),
(36, 'EM Strasbourg Business School', '19988', '204eec04c9dfbba2c7801cd70080fc9f.png'),
(37, 'Università degli Studi di Pavia', '13884', '4601d318ebd6aa6c706f81b7623caddf.png'),
(38, 'Ecole nationale supérieure des Télécommunications de Bretagne / ENST Bretagne', '12384', '0ebf7f3abe118720febeacc5d50a8549.png'),
(39, 'Universidad Católica Boliviana', '182006', '3a649fbfdb80c11fdd27562a25590967.png'),
(40, 'Ecole centrale de Nantes', '12302', 'd85d33b054ea6e786d85557b399a28da.png'),
(41, 'Utkal University', '13669', 'a7c9e7e647154095f03dce1714d5782e.png'),
(42, 'ESGCI', '43143', 'e59a13fe0c9e055668334749637b1a96.png'),
(43, 'Indian Institute of Management, Bangalore', '19949', '65fe66b06ffb25feb52b63aaec45efbe.png'),
(44, 'University of Cape Town', '19875', '79872cae859fd0f00a9ef014248debc7.png'),
(45, 'Groupe Sup de Co La Rochelle', '162097', '87780198a77001926fb8e31441a53e07.png'),
(46, 'Xi''an International Studies University', '11426', '3f62a3a7544e02d4a1dd5f7a5d4105f2.png'),
(47, 'Saint John''s University', '19014', 'd41d8cd98f00b204e9800998ecf8427e.'),
(48, 'Université Montpellier I', '12521', 'b88c15d26ba23f4179a9f74d0a67a12a.png'),
(49, 'NEGOCIA - Centre international de formation à la vente et à la négociation commerciale', '12476', 'd89746888da2d9510b64a9f031eaecd5.data:image/gif;base64,R0lGODlhAQABAIAAAAAAAP///yH5BAEAAAAALAAAAAABA'),
(50, 'Université de Bourgogne', '12490', '77fe7065fbda0e7215a53e26a4418aca.png'),
(51, 'Université de Reims Champagne-Ardenne', '12510', 'bff65fa49b4f032d9762d1e54e2a645a.png'),
(52, 'Join Lion', '3156105', 'c664323f39aaaab77d19b841ec439d06.png'),
(53, 'Ecole centrale de Lille', '12300', '9390ec63b2630a528211f34c9e9d6782.png'),
(54, 'EBS - European Business School Paris', '20524', 'e94a967f63e1681a817508cdfa633dc2.png'),
(55, 'Hawaii Pacific University', '18200', '7b5c147df6e18668f201627c410e4040.png'),
(56, 'Euridis Business School', '156091', 'd41d8cd98f00b204e9800998ecf8427e.'),
(57, 'Universite de Lorraine', '373033', 'b0f3c9a02a5aef2d7f2c75113c4cdf2e.png'),
(58, 'Lycée Robert Schuman', '3156372', 'e259de83be08d1d053aa70906a9a18aa.png'),
(59, 'ISC Paris', '22454', '276486330a2bf8a7103041743449aeb0.png'),
(60, 'Universidade de Fortaleza', '10607', '61d3b549055c6749f45d7a6994ad9d43.png'),
(61, 'Harrington College of Design', '21112', '5dffe3be4f68484c59526951ccc9b851.png'),
(62, 'MBA ESG', '43146', '88a8bf6851a64ca51e78d504e818d3cc.png'),
(63, 'Sup Career', '162074', '42b53908b3a3fbb5b6ece59525a3eaba.png'),
(64, 'Université Paris X Nanterre', '12550', '013f211df68a142f58a5710e91bf18f2.png'),
(65, 'Institut d''Etudes politiques de Toulouse', '19996', '4949ee60210eba9d1e0e5e4c3437c4ff.png'),
(66, 'Universiteit Maastricht', '15448', 'f57659007e00a420bb54fab97124a2d5.png'),
(67, 'University of Bristol', '12689', '255b98bad2f095a7031739746f6a6cfa.png'),
(68, 'Institut national polytechnique de Grenoble', '12467', '46c58c8298e85fe87dfcd3f660560bda.png'),
(69, 'Grenoble Ecole de Management', '12323', '2aed9d866c99fc9ac9094aa6797d55d7.png'),
(70, 'Groupe Ecole supérieure de Commerce et de Management', '12442', 'e2b4318ac355a03d73741dec67ce2b3a.png'),
(71, 'University of Rennes', '12511', '7b2b517de95824a20468979474a2768d.png'),
(72, 'ESSCA Business School - France', '12422', 'c676501c2e7c89511fa640f040dc2f7f.png'),
(73, 'ESG Management School', '42865', 'cb0d5b2c89c52aa3acc15157e0c3a2fb.png'),
(74, 'Université Paris Sud (Paris XI)', '12549', '22400b636cfb600c16d1806b2995672e.png'),
(75, 'European Institute for Lobbying', '161060', '4006b83e88aba1d5c3c0a518e7501c59.png'),
(76, 'Université Paris-Sorbonne', '12548', '659aa85105df723a84e1bbb90a7d4f44.png'),
(77, 'Institut Supérieur Européen de Gestion', '22489', '9f0e69006f47ad8a02622149cee2e8f2.png'),
(78, 'Imperial College London', '12598', '6618194cd41eaf959a7d75218e0eeb37.png'),
(79, 'Ecole Nationale Supérieure des Mines de Nancy', '20039', '32acdccbbd2e2fa628555f168f1ef775.png'),
(80, 'Ecole centrale de Marseille', '20000', 'b15766315722b69260dda995b848d8ad.png'),
(81, 'EDHEC Business School', '19922', '74912ce1e38e72c32950d12fcb7663ee.png'),
(82, 'Universidad del Pacífico (PE)', '15566', '1c577bf0086663136bc56c312b835df5.png'),
(83, 'INHES Institut des Hautes Etudes de sécurité', '21252', 'd89746888da2d9510b64a9f031eaecd5.data:image/gif;base64,R0lGODlhAQABAIAAAAAAAP///yH5BAEAAAAALAAAAAABA'),
(84, 'Institut Supérieur de Gestion', '20059', 'e2e97bd2f01af46a19d61a7e44a96a6f.png'),
(85, 'Göteborgs universitet', '17092', '1d38ce70a4a83df26605dfa6b110e0d5.png'),
(86, 'Saint Louis de Gonzague-Franklin', '190065', '818df1ba4748b589519458c27828d131.png'),
(87, 'Université Paris-Est Marne-la-Vallée', '12501', 'a105c30005d2866a439c4767cf32808a.png'),
(88, 'University of San Diego School of Business', '42267', 'ff2463478aa61a3fd674c2667428536e.png'),
(89, 'Valencia Community College', '20135', '4c7a1d50dfa6ddb4e46cd622cf549a00.png'),
(90, '國立中山大學', '17461', 'bb11f0548bbdb741c1511c1da3b3e4b2.png'),
(91, 'Bordeaux Business School', '12407', 'd3d2b79329e054df3f9864d3526964fc.png'),
(92, 'Ecole supérieure d''Electronique de l''Ouest-ESEO ANGERS', '12421', 'a8c87404b457a219ec4e993b1e6beed9.png'),
(93, 'Université du Sud Toulon Var', '12530', '179d4a891082fcfe46eea17769c10926.png'),
(94, 'IEMN-IAE', '192009', 'ee1e6c2cbf043d7e010a68ed7625641d.png'),
(95, 'Université Blaise Pascal (Clermont-II) - Clermont-Ferrand', '12479', 'b16def64076d4c4f1e1111d10e7a0bb1.png'),
(96, 'IGS-RH', '192033', '661975430e4fd7b71740891b4a19ad89.png'),
(97, 'IPAG', '20513', 'b2d9506c9094c005c5978db4e8d55c8f.png'),
(98, 'IAE de Paris', '153036', 'f304dfdb6479ff95426f614604add6b6.png'),
(99, 'Université Paris 8', '12562', '7151812bfed0e6d664f6c28042b75a38.png'),
(100, 'Arts et Métiers ParisTech - École Nationale Supérieure d''Arts et Métiers', '12364', '1cee704916392a153ffbdfca7b53ac65.png'),
(101, 'Conservatoire National des Arts et Métiers', '12298', '5edd6848773e1d676f4bb0c04762619f.png'),
(102, 'ESIEE PARIS', '20041', '0c368c551a0157c54f4d16b551c66f4b.png'),
(103, 'Montpellier Business School', '12412', '91666f1bb20ddb60c3597405460b975a.png'),
(104, 'IAE Montpellier', '161179', '73fd17f49f9e2d7d9067fd609f4c6e26.png'),
(105, 'IAE Lille', '161005', '19494ae16ebd7f8f4dfb4f4bf57afeec.png'),
(106, 'Université des Sciences et Technologies de Lille (Lille I)', '12522', '779dbaf7944b0f75121665862fb51850.png'),
(107, 'Polytech''Lille', '22444', 'ec6be437f8cc842725838125fbbafa4b.png'),
(108, 'Universidad Complutense de Madrid', '12202', '08ba6d1d9bed877d660c7fabe58350ae.png'),
(109, 'Universidad de Santiago de Chile', '10973', 'ca88f686a028c0f6afb03b6382cdf501.png'),
(110, 'Universidad de Extremadura', '12213', 'd89746888da2d9510b64a9f031eaecd5.data:image/gif;base64,R0lGODlhAQABAIAAAAAAAP///yH5BAEAAAAALAAAAAABA'),
(111, 'MINES ParisTech', '12380', 'b98dde93d4a1d46b82397bac8d0c860c.png'),
(112, 'Efrei - Ecole d''ingénieur généraliste en informatique et technologies du numérique', '21228', 'be73538cfa4620fd5a92e20cd55acbfe.png'),
(113, 'Le Wagon', '198003', '544fc7b5dc8ac483f2f28c864e0c64e6.png'),
(114, 'University of Utah - David Eccles School of Business', '19557', '0293d109c004e780a1415a1e5aa86ef4.png'),
(115, 'Utah State University', '19561', 'bcf188ed57523bdcdc9c0929f01e2635.png'),
(116, 'McGill University', '10890', 'e69ba29356d75b9c2bbc552f9baac7d5.png'),
(117, 'Georgetown University', '18062', 'd41d8cd98f00b204e9800998ecf8427e.'),
(118, 'Université de Versailles Saint-Quentin-en-Yvelines', '12519', 'd41d8cd98f00b204e9800998ecf8427e.'),
(119, 'Université Montesquieu-Bordeaux IV', '164052', '406e847521d06ec68e4a028ec4a5f6c5.png'),
(120, 'Universidad Nacional de Córdoba', '10128', 'a066554353a02eb6c3733f85c08462c8.png'),
(121, 'Ecole nationale des Ponts et Chaussées', '12350', '9f95ed291b635877b866b6ed10a3275f.png'),
(122, 'University College Cork', '19932', 'f6917e6ab23dc06a74b16c183cdaeeb1.png'),
(123, 'ICN Business School', '164035', '153fc6323787b7fb0d6d9031d61ba986.png'),
(124, 'Université de Caen Normandie', '12493', 'c6806162588010af70ccdc819e24b8b1.png'),
(125, 'Coventry University', '12581', 'f879a92a2855db6b5d958c4d4a6f6e6f.png'),
(126, 'Université de Technologie de Belfort-Montbéliard', '12514', 'fc322d33e27af61dffe40fb92abe8fc2.png'),
(127, 'IPAC', '154074', 'd41d8cd98f00b204e9800998ecf8427e.'),
(128, 'Université de Cergy-Pontoise', '12494', 'adc8e04ae2e83ab8865eeeb3badf0a83.png'),
(129, 'Université Sorbonne Nouvelle - Paris 3', '12559', '0bba95ff04e72c860c1032d56b793ee3.png'),
(130, 'Ecole centrale de Lyon', '12301', 'cd620929bf26f776f497e15fcf855c47.png'),
(131, 'Università della Svizzera Italiana (USI)', '10934', '004c7c9d796f724697d3ff2899035a87.png'),
(132, 'Università Cattolica del Sacro Cuore', '13853', 'f37a91b744382277e6df416485dbe12e.png'),
(133, 'Tufts University', '18524', 'fd7f73997bf4a0f4f4e1e345053e7570.png'),
(134, 'The University of Huddersfield', '12667', '1ae22114f370e55ea1553def6ff8109f.png'),
(135, 'CELSA - Ecole des hautes études en sciences de l''information et de la communication', '21225', 'd41d8cd98f00b204e9800998ecf8427e.'),
(136, 'ISTH, classe préparatoire aux grandes écoles', '43573', '3a8d41dbf5403a4b4e20821731b66510.png'),
(137, 'Novancia Business School Paris', '162015', 'd80fe177bf4e96e7350029bb13651c38.png'),
(138, 'Université François Rabelais de Tours', '12531', '1c22220af0ff8f3cd9c53a4d317a91d3.png'),
(139, 'Universiteit Gent', '10420', 'a296643bee951a219a0b7cdb15525ae7.png'),
(140, 'HUB-EHSAL', '23101', 'd89746888da2d9510b64a9f031eaecd5.data:image/gif;base64,R0lGODlhAQABAIAAAAAAAP///yH5BAEAAAAALAAAAAABA'),
(141, 'IE (Instituto de Empresa)', '12189', 'b0046fddfa5c0ac4255d87d052231dc0.png'),
(142, 'Penn State University', '19318', 'ceb7aa9727fef2a27259f04fe1596ca0.png'),
(143, 'Université Paris 13', '12547', 'a4f1abae81fb1117fb32aacb2082e16c.png'),
(144, 'Tecnológico de Monterrey', '15036', '44d6b97d3686eb97dc24ddd2d64c5da4.png'),
(145, 'University of Cambridge', '12691', '4e6ace107116d3e2d19f8daabb350878.png'),
(146, 'University of California, Berkeley', '17939', '122aa25f7322ae386da8e21188087f1f.png'),
(147, 'Louisiana State University', '18422', '37cb7b05c1924f05b3e032251f9e6630.png'),
(148, 'University of New Orleans', '18445', 'dc0eafa6be025c1142b6020099214ee3.png'),
(149, 'ESC Amiens', '162202', 'a2b4447a3883b07c5c675f2475638b50.png'),
(150, 'University of the West of England', '12729', '800f01ed284af910eb46b1d160a94b00.png'),
(151, 'IFAG', '188044', '1c4be100a0906c19ab28c42019d06057.png'),
(152, 'HEI - Hautes Etudes d''Ingénieur', '12444', '839dd9bfb16b993cf715820fa856cfa5.png'),
(153, 'Sciences Po', '12454', '311daf8b09b900cf5ac6835d9216acdb.png'),
(154, 'IFP - Institut français de presse', '21235', 'd89746888da2d9510b64a9f031eaecd5.data:image/gif;base64,R0lGODlhAQABAIAAAAAAAP///yH5BAEAAAAALAAAAAABA'),
(155, 'Time Université', '17300', 'd41d8cd98f00b204e9800998ecf8427e.'),
(156, 'University of Leicester', '12707', '84bbfd81e6e9543748777d29a3b09b93.png'),
(157, 'Rennes School of Business', '12415', 'ef5246575dce0295754dcc8b0ace7e16.png'),
(158, 'University of Warwick', '12731', '0082888fe0a3d0e5b4bbcb6b23972932.png'),
(159, 'ISCOM', '156062', '7cb9b5c61a36ef6d49b675a48cc29112.png'),
(160, 'South Bank University', '12614', 'c45a0a89231ea5a3a1d398cda381efe0.png'),
(161, 'Dublin Business School', '13355', 'a7f7fe3dad23cd8d108aa467080c4013.png'),
(162, 'EI.CESI - Ecole d''ingénieurs du CESI', '21230', '2ee9c3ef8b7b9ab7fc12959f5849cc22.png'),
(163, 'IEMI-CMH Academy', '159023', '178337ad6cc1d3d76c4083ac0fa9f5d3.png'),
(164, 'IAE Toulouse', '158032', 'f0be57abf695851053d70b26b4f9840d.png'),
(165, 'University of Portsmouth', '12720', '4ad8e00c7eb256c22c5d1f82ec70dd23.png'),
(166, 'Université d''Angers', '12486', '626cd4b042bcbff91ad389ad8cb2f92c.png'),
(167, 'EFAP - Ecole Française des Attachés de Presse', '21224', '114cf1d6e9acb83a69f3806635771d97.png'),
(168, 'ICOF Lyon', '43218', 'a79d8956d8d6ef983a88e042095026fe.png'),
(169, 'ESLSCA', '20363', 'e93c2b5fc0e6f14a80a4f3658e6ac4d7.png'),
(170, 'Lindenwood University', '18701', '53089e4728994d6f8dd7d1c7a4e4df45.png'),
(171, 'Ecole polytechnique', '12398', 'd41d8cd98f00b204e9800998ecf8427e.'),
(172, 'University of California, Los Angeles', '17950', '716f7d3d2fe67135cb933ab76a283782.png'),
(173, 'Université du Maine-Le Mans-Laval', '12529', 'c5ab2213da8d5a71a3f4f609a070ce7a.png'),
(174, 'CEMS - The Global Alliance in Management Education', '43535', 'ebd061d9f33fd93e69b97efe787d87e2.png'),
(175, 'INSEAD', '12445', '39d74fa9ce520a892e3af649a2580893.png'),
(176, 'Télécom SudParis', '42882', '023e1af8eaebd5785505e196b3157d06.png'),
(177, 'Universidad Argentina de la Empresa', '10088', 'b466b7febe769efa6afc1dc2a2c2f655.png'),
(178, 'SUPINFO - The International Institute of Information Technology', '20517', '69b66e52b26d67f3b1ab92fedd3f4b1f.png'),
(179, 'Ming Hsin University of Science and Technology', '17437', 'd89746888da2d9510b64a9f031eaecd5.data:image/gif;base64,R0lGODlhAQABAIAAAAAAAP///yH5BAEAAAAALAAAAAABA'),
(180, 'Institut supérieur d''Electronique de Paris', '12473', '2ec70bb9b587a0000a3d5be36fc9d969.png'),
(181, 'Stanford University Graduate School of Business', '17927', '21cedf9489113af90a1b0c5a2c9024d5.png'),
(182, 'Leiden University', '15447', '2f5ad75c8772f4478b017a3d540ac85b.png'),
(183, 'Università degli Studi di Padova', '13881', 'fe151b27085ed9fdda5aadac669c93b6.png'),
(184, 'Babson College - Franklin W. Olin Graduate School of Business', '18452', '384993722328bdce8e3744dc1a752d38.png'),
(185, 'Avans Hogeschool Breda', '23151', 'c364a901d7bf0d84826eaed6906988fb.png'),
(186, 'Université de Sherbrooke', '10895', '8394e1141e13c7a46caf3aece5e509ad.png'),
(187, 'ENSEEIHT - Ecole Nationale Supérieure d''Electrotechnique, d''Electronique, d''Informatique, d''Hydrauli', '20020', '691325124bb5951eca762fb1b1c64821.png'),
(188, 'IIM Ahmedabad', '19953', 'a1ce84c48d547142921c68a2b9ef86c4.png'),
(189, 'University of South Wales', '42969', 'ad3d78c716530adf49c70319c8c85cf8.png'),
(190, 'ESAIP, École d''Ingénieurs', '189094', '61e0565efd0f6a8222c4e0557be41ee4.png'),
(191, 'Griffith University', '10227', '15dd9e863e1bcb52c6b04e4ec5357622.png'),
(192, 'TAFE', '20325', '86065de4c5913fbbdfd649cc1b59df3a.png'),
(193, 'King''s College London, U. of London', '12601', '3dd4a2840b802c1b1bc78ff7aa4d5653.png'),
(194, 'Kaplan Law School', '163024', '0dea041792cca42e3296cd6c2a2f5ac6.png'),
(195, 'London School of Economics and Political Science', '19926', '799445f122dd6f1adf0c7f07c5ef06f2.png'),
(196, 'Tuck School of Business at Dartmouth', '18840', '4f56fb80844e9b5851f3dd76f4563aaf.png'),
(197, 'Fundação Getulio Vargas', '19924', 'a58f8f194cea5f0a46efc6b5554cb10a.png'),
(198, 'The University of British Columbia', '10802', 'e62673cf7658ec216b65232774e70618.png'),
(199, 'National Technical University of Ukraine ''Kyiv Polytechnic Institute''​', '17627', '9d73607eaf5c9a87583bc7849647f07e.jpg'),
(200, 'Institut national des Télécommunications', '12465', 'd89746888da2d9510b64a9f031eaecd5.data:image/gif;base64,R0lGODlhAQABAIAAAAAAAP///yH5BAEAAAAALAAAAAABA'),
(201, 'Boğaziçi University', '17340', '8b8d2a95ac45a444edd81e42746db14f.png'),
(202, 'Bilkent University', '17339', '992c4392bdb794ecedeaeb194a8197ed.png'),
(203, 'ESERP Business School', '42072', '6a89b4c2ab003ab79a547355bcbec446.png'),
(204, 'Birkbeck, University of London', '12571', '02bc53ae67e6a0e1e8e8542650fb6eae.png'),
(205, 'The Manchester Metropolitan University', '12657', '7ef10bb2095c7aac4d01d0e97ea673f3.png'),
(206, 'Ecole de Guerre Economique', '43300', '6e0e876fa22adab8680394cae9009f14.png'),
(207, 'Université de Nantes', '12503', '95b4fed7cddda0eeee277d26333c4393.png'),
(208, 'New York Film Academy', '21059', '2d8506d99aec519fa9b0b5fbb690f986.png'),
(209, 'Universitat d''Alacant', '12205', 'd41d8cd98f00b204e9800998ecf8427e.'),
(210, 'University of Ljubljana, Faculty of Economics', '154053', 'd41d8cd98f00b204e9800998ecf8427e.'),
(211, 'Università degli Studi di Trento', '13893', 'd41d8cd98f00b204e9800998ecf8427e.'),
(212, 'Universidad de Huelva', '12215', 'f84df748c16fce2cc2a73bf74582ca9d.png'),
(213, 'Vilniaus Universitetas', '14846', '59006d6e409ebe399797a140d826d0f9.png'),
(214, 'North Carolina State University', '18786', 'abe2c633557c01f18d98443b388fc8d1.png'),
(215, 'Vatel France', '356046', '9a043f677618de49aeba3179a40dc220.png'),
(216, 'Sup de V, l''école supérieure de vente', '161027', 'abf183e53cc1308c6af695c856b2264b.png'),
(217, 'Université de Bretagne Occidentale', '12491', 'ea0db1a6ea1307277f60c9a4c9dd6cec.png'),
(218, 'Tel Aviv University', '13403', 'd41d8cd98f00b204e9800998ecf8427e.'),
(219, '성균관대학교 / Sungkyunkwan University', '14704', 'd41d8cd98f00b204e9800998ecf8427e.'),
(220, 'Universidad de Burgos', '12207', '7df3191195f51574287797e036f111c4.png'),
(221, 'Ecole nationale supérieure d''Electronique, Informatique et de Radiocommunications de Bordeaux', '12375', '293aa2f1fdda6ed35e5207ac0b5df124.png'),
(222, 'Institut d''Administration des Entreprises', '20015', '0039554650afdaf847826348a51854c4.png'),
(223, 'University for the Creative Arts', '12681', '7e28cec62ae9591fe3a278c105a1597b.png'),
(224, 'IAE Nice (Graduate School of Management)', '202011', '5d159bb429625fd25c81fe9e119ab33d.png'),
(225, 'Högskolan i Skövde / University of Skövde', '20312', 'f20ee110bdb0cf143d8c8bfcfdc09304.png'),
(226, 'University of Nottingham - Nottingham University Business School', '12715', 'af74deb1bcd8284c804974163bb589fa.png'),
(227, 'Gaston Berger Lille', '176004', '0f55f8e5ca55504c952b66f6c7185475.png'),
(228, 'Ecole supérieure de commerce de Reims NEOMA Business School', '12414', 'd89746888da2d9510b64a9f031eaecd5.data:image/gif;base64,R0lGODlhAQABAIAAAAAAAP///yH5BAEAAAAALAAAAAABA'),
(229, 'University Paris VII', '12520', '09c5a54f10134e528d541b1c5f789cc1.png'),
(230, 'Aix-Marseille Graduate School of Management - IAE', '164100', '22809ca9ea15aa830f9a37dd4a6848b7.png'),
(231, 'Sup de Luxe', '224923', 'd41d8cd98f00b204e9800998ecf8427e.'),
(232, 'Aix-Marseille Université', '12498', 'fb1f7edf0d1186cfbb7bdafcd43ac8e2.png'),
(233, 'CIFFOP', '153029', 'c5577adda394cb012549015cd19c5aef.png'),
(234, 'Université de Montréal', '10892', '5067ebfcf0f06a0d478b8105f02671f2.png'),
(235, 'Université Grenoble Alpes', '377016', 'ab8233e0da0bdc87d2edc9114057912f.png'),
(236, 'Università degli Studi di Firenze', '13869', '3aa46611bf3daead92f468d820217cc7.png'),
(237, 'Liceo Scientifico', '20399', 'd89746888da2d9510b64a9f031eaecd5.data:image/gif;base64,R0lGODlhAQABAIAAAAAAAP///yH5BAEAAAAALAAAAAABA'),
(238, 'Master in Economics', '3154305', 'd89746888da2d9510b64a9f031eaecd5.data:image/gif;base64,R0lGODlhAQABAIAAAAAAAP///yH5BAEAAAAALAAAAAABA'),
(239, 'European Business School', '11743', '783d784578b920b071f9f5c3bf385391.png'),
(240, 'University of Oxford - Said Business School', '12717', 'a65bf97c8d7d1a60a4d7f18e219ca19d.png'),
(241, 'American University of Paris', '20406', '2c205dd0a8b9b5f8c195e0a7a7226817.png'),
(242, 'Massachusetts Institute of Technology', '18494', '24b0e47830daa7f0b75b114b00de857b.png'),
(243, 'Ecole Spéciale Militaire de Saint-Cyr', '12402', '526bef88e79ea7fd3a1be7ba3f94141b.png'),
(244, 'IAE Caen', '43403', 'caaa79e6ba6ef023c55140ad968f253a.png'),
(245, 'Ecole de Management de Normandie', '12326', '0e227a2f2f5ca991afb7e1b0f7df3e67.png'),
(246, 'Leeds Metropolitan University', '12604', 'fe593b887cdaae2b4bb74c4506b1c457.png'),
(247, 'Karlsruher Institut für Technologie (KIT)', '11969', 'ffb8fc740adebc8e8ca2d9515f6b9be2.png'),
(248, 'Freie Universität Berlin', '11834', 'dad49e395303d440dbc3a68b027b27f7.png'),
(249, 'Institut d''Etudes politiques de Lille', '164034', '419d88ccbead286cdb7dec641792dd92.png'),
(250, 'University of Southampton', '12721', '05e9df7575539545f16e4173d2a7516b.png'),
(251, 'ESAM – School of Advanced Management and Finance', '188120', '0301f2cbf7124bd6023af48f909bb64f.png'),
(252, 'Ecole du Louvre', '21248', '8a6ea9ee401bf9a92145245355910ccb.png'),
(253, 'City University London', '22486', '63450f42b45a355f51167f3d2e400bfb.png'),
(254, 'Universidad Carlos III de Madrid', '12197', '3c59ba55eed991ee977683f3847e2297.png'),
(255, 'New York University', '18993', '7f0a7ae49b62000ac4a88fa90653249f.png'),
(256, 'EPITECH', '20366', 'f008b36bfb11ad1b55dae7e4e4aed100.png'),
(257, 'Université catholique de Louvain', '10415', 'ef732ca2b55ed5dd7032955a6e0cda6b.png'),
(258, 'Telecom ParisTech', '12383', 'ac21f1460a1dace773ad31383b7c89e7.png'),
(259, 'HEC Lausanne - The Faculty of Business and Economics of the University of Lausanne', '10920', 'f8ff19c3b1d095e914d37c49bea502d2.png'),
(260, 'Université de Geneve', '10936', 'd92f8019ccb804961d2165b87d0f7119.png'),
(261, 'Escuela de Organización Industrial', '153031', 'ef5db89da3f004ce21f43fa3a888484a.png'),
(262, 'Universidad de Oviedo', '12224', '90288ace7f37f01451e6ca765a962e3e.png'),
(263, 'University of Jijel', '12073', 'd89746888da2d9510b64a9f031eaecd5.data:image/gif;base64,R0lGODlhAQABAIAAAAAAAP///yH5BAEAAAAALAAAAAABA'),
(264, 'EMLV - École de Management Léonard de Vinci', '22455', 'a14d3a7ba86bdd139c83d1212bd31f34.png'),
(265, 'Université Henri Poincaré (Nancy I)', '12532', 'd89746888da2d9510b64a9f031eaecd5.data:image/gif;base64,R0lGODlhAQABAIAAAAAAAP///yH5BAEAAAAALAAAAAABA'),
(266, 'Antwerp Management School', '23113', '41ccc510f3806bc7eff29fb9b4a6597b.png'),
(267, 'Concordia University', '10889', 'd56190a458e7cc70903f2a8d37b8e448.png'),
(268, 'Niels Brock', '21258', '20835c6345436a963884420f0bb51f01.png'),
(269, 'University of Technology, Sydney', '10252', '85be1efe616b8a4c19f45b08913cb47e.png'),
(270, 'Columbia Business School', '18941', 'd41d8cd98f00b204e9800998ecf8427e.'),
(271, 'Indiana University Bloomington', '18342', 'd41d8cd98f00b204e9800998ecf8427e.'),
(272, 'Rotterdam School of Management', '19929', '87ae1225d65a6356824873aad8c713b9.png'),
(273, 'Pôle Paris Alternance (PPA)', '161194', '8f78949f390f9df723b1926e0576dc59.png'),
(274, 'Harvard University, John F. Kennedy School of Government', '20306', '558e98daf346938c3e5c84282eccda9a.png'),
(275, 'Institut national des Sciences appliquées de Lyon', '12460', '6ffce5db443a4f5ebd57c82d3f640499.png'),
(276, 'Lund University School of Economics and Management', '161083', '87b8e6ce5fecc8e51a150ee9720790f9.png'),
(277, 'Institut supérieur d''électronique et du numérique', '12474', '55e8232b9380ba15adb037f5c79f503c.png'),
(278, 'San Diego State University-California State University', '17905', '8d0ca83ebebee3a10c0e84ad07e371d2.png'),
(279, 'Escuela Colombiana de Ingeniería ''Julio Garavito''', '11508', 'b92d456b5a3d0742fcb45158e7104e62.png'),
(280, 'IESE Business School - University of Navarra', '12190', 'fc96d7d48e0a21dd77dd31d59aca34c2.png'),
(281, 'Aarhus Business School', '11997', 'd41d8cd98f00b204e9800998ecf8427e.'),
(282, 'Michigan State University', '18613', 'a5c6243eaea459f78a57ef5928864880.png'),
(283, 'Northeastern University', '18506', 'b1ed83d9c8a5bb0c59fb6b3d0a7dc567.png'),
(284, 'University College Dublin', '19931', '43d93eaa144abf3dd22830a364568de8.png'),
(285, 'The Wharton School', '19329', 'e87ee80d645ed9d7a9229c38589bcc95.png'),
(286, 'Universidade Federal de Santa Catarina', '10677', 'f2d128fd7bb75d44f5dabce98f71d5b1.png'),
(287, 'Carnegie Mellon University - Tepper School of Business', '19233', '959b97c7ae727ce3d1d6f44aec7c2e11.png'),
(288, 'University of Minnesota-Twin Cities', '18677', '6943fb399db68069788e3acac0aab241.png'),
(289, 'Tongji University', '11397', 'b235bc38d402140624b7943199810c37.png'),
(290, 'Ecole nationale supérieure de l''Electronique et de ses Applications', '12370', '94a6938c22ba5dc2a33ab5b692336aca.png'),
(291, 'ISEFAC Alternance, école de management en alternance', '43572', '45db39721ca69fe555bc8cbaee509288.png'),
(292, 'Polytech''Paris-UPMC', '22450', '245edd18d19902fb457b7566c0a9a30b.png'),
(293, 'Lycée Français de Saint Domingue', '153056', '67c328e3ea173a63538842e9d2895351.png'),
(294, 'Ecole Nationale Supérieure d''Informatique et de Mathématiques Appliquées de Grenoble', '20040', '2a9162e2289c030b0607751907425f78.png'),
(295, 'Ecole supérieure de Commerce de Pau', '12413', '002f4d3f736bd2106e8f8bc8d9849876.png'),
(296, 'The University of Queensland', '10238', 'd41d8cd98f00b204e9800998ecf8427e.'),
(297, 'IÉSEG School of Management', '12453', '167b0625173ca62e31db64c09651e579.png'),
(298, 'Kaplan Professional', '191000', '599a06edda4042c12647861a7726f7cc.png'),
(299, 'ESME-Sudria | Ecole Spéciale de Mécanique et d''Electricité', '12400', '7517db9b679361c49f33c3b22153ef46.png'),
(300, 'Columbia University in the City of New York', '18943', '71f86be80b9c1ba0160aabee4f531f85.png'),
(301, 'Université Jean Moulin (Lyon III)', '12534', '120d21ec465d759f7d9435ea1473b533.png'),
(302, 'Université de Picardie Jules Verne (Amiens)', '12507', '91a93cc0d25996df6cd1131c0512ed52.png'),
(303, 'Glion Institute of Higher Education', '42091', 'e391f2a90159bbacb1c65f8b83b18a6a.png'),
(304, 'IAE de Poitiers', '355050', '52bdf97dae970cd29db26de2800750e8.png'),
(305, 'Institut catholique de Paris', '12449', '1afa733e37e9a82c4272de046f03040b.png'),
(306, 'Universidad San Pablo-CEU', '12248', '48a93c4c090794f06bb35074b31d853d.png'),
(307, 'Institut national des Sciences appliquées de Rouen', '12462', 'c2b8f44ec48ebdfdc225fa56989b245a.png'),
(308, 'ESIEA', '12426', '4390bdc963877a06c795ef0e3d664dfc.png'),
(309, 'American University of Beirut', '14790', 'd3e96e88696a297efff974544059ece7.png'),
(310, 'GOBELINS, l''école de l''image', '226068', 'f38ad0cb86c58f642dc6540ab8e49e45.png'),
(311, 'Sciences Po Strasbourg', '19995', '94d408a330b193c54d5f274b788ae737.png'),
(312, 'Harvard Extension School', '43609', '40a0b5f8a8baa0e4f73489efaae71f16.png'),
(313, 'Universiteit van Tilburg', '15452', '37ad099ea589c1b59bd894bcf24c9e1e.png'),
(314, 'Polytech''Nice-Sophia', '22448', 'd89746888da2d9510b64a9f031eaecd5.data:image/gif;base64,R0lGODlhAQABAIAAAAAAAP///yH5BAEAAAAALAAAAAABA'),
(315, 'Université de Poitiers', '12508', '71491e5ccd206a60d62c8d47bc8db192.png'),
(316, 'Griffith College Dublin', '13360', '5596b1ccb74b21de5d4d45e67cc24fe3.png'),
(317, 'Université du Havre', '12527', 'd89746888da2d9510b64a9f031eaecd5.data:image/gif;base64,R0lGODlhAQABAIAAAAAAAP///yH5BAEAAAAALAAAAAABA'),
(318, 'Universidad Torcuato di Tella', '10164', '4a714ad4b289537a457a2a6006177eb5.png'),
(319, 'IESA', '20080', 'a43a03959f072ae08fd7dffd2849ae84.png'),
(320, 'Université de Metz', '12502', 'd89746888da2d9510b64a9f031eaecd5.data:image/gif;base64,R0lGODlhAQABAIAAAAAAAP///yH5BAEAAAAALAAAAAABA'),
(321, 'Université catholique de Lille', '12481', '4482bbaf7ec1a26ad48b6935a84f644c.png'),
(322, 'Columbia University School of Law', '18944', '510166454eaebac99d55253bfedd6e1e.png'),
(323, 'University of Pennsylvania', '19328', '640483f7b937f0ec3ec12ed8b07917b5.png'),
(324, 'University College London, U. of London', '12682', '57d541f95d98af2f339998773811507e.png'),
(325, 'Escuela Bancaria y Comercial', '42056', 'b6f5b72b660aeb1036654468fce89406.png'),
(326, 'The Open University', '12659', '4f7257edf2af7d84b7afcf8a65763419.png'),
(327, 'University of Bath', '12686', '4f200d105df9dda57617107d752c202c.bin'),
(328, 'Wine & Spirit Education Trust', '43345', 'c2f7fe72d207eaf00e1e45d2049afc88.png'),
(329, 'IDRAC Business School', '163022', '2e2f2a19c72c8ad02c3a4a08d26cebf3.png'),
(330, 'Université d''Auvergne (Clermont-Ferrand I)', '12488', 'd41d8cd98f00b204e9800998ecf8427e.'),
(331, 'University of Sindh', '15897', '69c2eaa08c951f2294a5a17e0874d2fa.png'),
(332, 'National Chengchi University', '17443', '1194e316d4e12dcdcad713417ab3bcfa.png'),
(333, 'Hofstra University', '18959', 'b6d49b40597e27f0062cf115094e7017.png'),
(334, 'EEMI - L''École Européenne des Métiers de l''Internet', '162031', '7f0a61ff6b093707c0d8014e05bc0276.png'),
(335, 'Università Commerciale ''Luigi Bocconi''', '13854', '8226d51edc3021bc89f4e5ce0e5f23f2.png'),
(336, 'Golden Gate University', '17858', 'd41d8cd98f00b204e9800998ecf8427e.'),
(337, 'ESCEN Ecole Supérieure de Commerce et d''Economie Numérique', '43274', 'd41d8cd98f00b204e9800998ecf8427e.'),
(338, 'Singapore Management University', '17115', 'e76c7c6719c3854de298e627f131a017.png'),
(339, 'Universidade de Trás-os-Montes e Alto Douro', '16098', '579da964c2a1e94558f5b42cf6666af5.png'),
(340, 'l''Ecole de Coaching IFG', '161258', 'b418361a61f47ac2b41821f57bc87087.png'),
(341, 'Sciences Po Grenoble', '19991', '34c5146c99db878d9e1f378bf2ce2665.png'),
(342, 'State University of New York College at Oswego', '19038', '8248f2896445b2abf296f40dd43e2fa3.png'),
(343, 'Cologne University of Applied Sciences', '11796', '98473195511472144f1a9eedbd054c4c.png'),
(344, 'Ecole nationale supérieure de Mécanique et des Microtechniques', '12372', 'd89746888da2d9510b64a9f031eaecd5.data:image/gif;base64,R0lGODlhAQABAIAAAAAAAP///yH5BAEAAAAALAAAAAABA'),
(345, 'RMIT University', '10234', '2b2235f06422cf21cab6ee4df3ab8793.png'),
(346, 'Université de Valenciennes et du Hainaut-Cambrésis', '12518', '4aa7b11cd52b097720e5fd3d47b479d6.png'),
(347, 'CQUniversity', '10220', 'ab823438b0379c778b7c439e871995a1.png'),
(348, 'Durham University', '12697', '5a33790fcac568eeff1889210f68ce28.png'),
(349, 'Universidad de San Andrés', '10114', '3d7fb0a962c3bcec85e145362b0bae9c.png'),
(350, 'Institut Léonard de Vinci', '355093', 'deeb985a86c48106edc6e639d4c05463.png'),
(351, 'Brown University', '19348', '744a33656bdaf097fd411e92c405e9cd.png'),
(352, 'Universidad del Salvador', '10121', 'c2b4789aa893d61d6d8ec723710d7604.png'),
(353, 'Birmingham City University', '12692', '622ebeb9ad627eb645dddcf52d33459b.png'),
(354, 'California State University, Northridge', '17831', '53e32f00db51bea589512806582daa4d.png'),
(355, 'Luxembourg School of Business', '164047', '007126a4905dd60ec19e9069d50d6545.png'),
(356, 'Solvay Business School', '19937', 'd41d8cd98f00b204e9800998ecf8427e.'),
(357, 'Facultés universitaires ''Saint-Louis'', Bruxelles', '10379', 'd41d8cd98f00b204e9800998ecf8427e.'),
(358, 'Facultés universitaires ''Saint-Louis'', Bruxelles', '10366', 'd41d8cd98f00b204e9800998ecf8427e.'),
(359, 'Vatel Mauritius', '164192', 'f77a1081a8c3a12e739925ef8fcff11b.png'),
(360, '南京航空航天大学', '11254', '8ab222640a4486886123af005de13a71.png'),
(361, 'La Fabrique - L''école des métiers de la mode et de la décoration', '367014', 'd41d8cd98f00b204e9800998ecf8427e.'),
(362, 'ISIPCA', '155084', '9b7b397412144d889155379da18ba8ff.png'),
(363, 'University of Wisconsin-Madison', '19689', '7ea833eb1cd6a860f8889e8a4119f06c.png'),
(364, 'Ecole nationale d''Ingénieurs des Techniques des Industries agricoles et alimentaires', '12357', '593a8bd67ae51159e3d17f63a6b19f84.png'),
(365, 'Dublin City University', '13379', 'c484f2deeb11ee10be2feb172e0293a9.png'),
(366, 'Université Rennes II - Haute-Bretagne', '12557', '675582bb9454cbb16be1344a7c944464.png'),
(367, 'ESCE', '3164047', 'e7f314c15e039bb3825c6c265d70e43b.png'),
(368, 'Queensland University of Technology', '10233', '7f604f665109797f3f30a45c41a1a98e.png'),
(369, 'Institute of Chartered Accountants in England and Wales', '21115', '9d2f5e8a8a089134ebe61d3bfda13c70.png'),
(370, 'ISIT', '21247', 'fd802fe0abb2f6eebb7903621b71a038.png'),
(371, 'Macquarie University', '10230', '9166ac78a0e5a7b62b7b5682d0cbafe8.png'),
(372, 'University of California, Berkeley - Walter A. Haas School of Business', '17940', '54dc18f1ce46d2859ec0d33455dd71b8.png'),
(373, 'Ecole spéciale des Travaux publics, du Bâtiment et de l''Industrie', '12401', '23a33abae945b3b6474dd2872fe1f1af.png'),
(374, 'Middlesex University', '12616', '98d7867adea07f556562a63929532c65.png'),
(375, 'Dublin Institute of Technology', '13364', '1d58e42e225e6be4295607cbd1bb5e76.png'),
(376, 'The University of Wolverhampton', '12677', '89216109cc64e0226002d075452e2709.png'),
(377, 'University of Amsterdam', '15451', '58a699638e308b766b85e6da73039244.png'),
(378, 'London Business School', '12608', '4dd4de7bf7bc6bab5123d0eddc87b68a.png'),
(379, 'Erasmus Universiteit Rotterdam', '15415', '59ea357192ad3e9bba4b48795150b157.png'),
(380, 'Université Paul Sabatier (Toulouse III)', '12552', '6b614f7a256f148dbd1c772077b306b0.png'),
(381, 'Milwaukee Area Technical College', '20155', 'bc091ece29190c7ad753d20f475a1c79.png'),
(382, 'Curtin University of Technology', '10223', '2793eb7031652dfb9ba989943734db2c.png'),
(383, 'ESP Ecole Supérieure de Publicité, Communication et Marketing', '170030', '20f2f2c0339eeb02aaad1695ab3d7773.png'),
(384, 'International University of Applied Sciences Bad Honnef · Bonn (IUBH)', '11884', 'e725ec97a9b7a788f21ec3d0c3cc0f12.png'),
(385, 'Victoria University', '10256', '605907e886c67ad1b239b2c7fab2096b.png'),
(386, 'Danmarks Tekniske Universitet', '12002', 'd41d8cd98f00b204e9800998ecf8427e.'),
(387, 'Université de Liège', '10416', 'd41d8cd98f00b204e9800998ecf8427e.'),
(388, 'Royal Holloway, University of London', '12636', '16adc788373b4f6862cfb150889037d1.png'),
(389, 'The University of Edinburgh', '12665', '33988b0721a7ac0a6751b2abcbe42230.png'),
(390, 'École des sciences de la gestion (ESG UQAM)', '43113', 'd90696619a50b8616cb8f19205f5f323.png'),
(391, 'University of Virginia Darden School of Business', '19605', 'c6de25fd0cb720815fec54028c7bcbee.png'),
(392, 'IUT (Institut Universitaire de Technologie)', '375020', 'c2c3d09656c523847eee39645f638915.png'),
(393, 'Sarah Lawrence College', '19020', '1a6388211e5a07b23769b0faf69b443f.png'),
(394, 'University of Bedfordshire', '12711', '7cb48d121eed025d2459dc899c9d7400.png'),
(395, 'University of Stirling', '12676', '7b12477ba0ce844378b7eb2661cbdd3e.png'),
(396, 'Московский Государственный Институт Международных Отношений (Университет) МИД России (МГИМО)', '16612', '844c87bf9011993808bea6c6cef6f5a2.png'),
(397, 'Grenoble IAE', '188086', '2a55622573227e61ddf712ef3bd03820.png'),
(398, 'Staffordshire University', '12649', '1f03d137951db250e691588e18877821.png'),
(399, 'Babson College', '18451', '601c65dbfa5da4e2e80f7e48970ab9a0.png'),
(400, '清华大学', '11398', '4f43e4b7c2d8d564c07a75bb804a3dd8.png'),
(401, 'Université de Technologie de Troyes', '12516', '102834a2c3625ed512df6a7f377c3a2c.png'),
(402, 'Ecole internationale de management de paris (EIMP)', '164006', '6323a182d7a7a5bc8e6ff21d53e76592.png'),
(403, 'University of Maryland - Robert H. Smith School of Business', '18567', '06b39702f96f3a7214d3760d21251b6e.png'),
(404, 'Harvard University', '18483', '940e41fb47a44580f11756b6297f3cad.png'),
(405, 'SAA - School of Management, Università di Torino', '153030', '1c36c66beb6c2637b882f50a67754be7.png'),
(406, 'Ecole supérieure de Commerce de Clermont-Ferrand', '12409', '6f27e6d8ec67ba1da3f25ca80d3de060.png'),
(407, 'Kungliga tekniska högskolan', '17098', '7c0aefde4f9d196dd163b5d9d8c922c8.png'),
(408, 'Polytech''Orléans', '182004', 'a5b9e018f3e04c8c0a0af5eb30baf508.png'),
(409, 'Universidad Autónoma de Madrid', '12194', '93707c891ac84f2485cd57af169ba184.png'),
(410, 'Università degli Studi di Genova', '13871', '603fce92a29fb00aa8816db7cbe848f8.png'),
(411, 'EPF Ecole d''Ingénieurs', '12434', 'f006bc516497e28b1c9cb6ee641f7aa6.png'),
(412, 'Ecole des Mines de Douai', '12334', '103969da03ebab7efe43571025bc25ed.png'),
(413, 'Universidade Federal do Rio de Janeiro', '10693', 'a21c65b25b6c5ea2857c30c5cb9192b4.png'),
(414, 'ESIGETEL - École Supérieure d''Ingénieurs en Informatique et Génie des Télécommunications', '234041', 'b8259a1990362d949adf52988091bf4c.png'),
(415, 'American University', '18058', '52021e5d02e4029efde5887d27a38824.png'),
(416, 'Växjö University', '17110', 'd89746888da2d9510b64a9f031eaecd5.data:image/gif;base64,R0lGODlhAQABAIAAAAAAAP///yH5BAEAAAAALAAAAAABA'),
(417, 'Université du Littoral Côte d''Opale', '12528', 'a0db7684e3eeda109c4b3400d1e2ba17.png'),
(418, 'IUT Paris Descartes', '165128', '35f837cb6793c67923fb228c80f7bbaa.png'),
(419, 'Institut catholique d''Arts et Métiers', '12446', '351a2f503d57fbbd2ec56fa2ccda55f0.png'),
(420, '國立臺灣大學', '17469', '2b4d80005e157d6a2d032370fe28bf1c.png'),
(421, 'Institute of Technology, Sligo', '13371', '0d26de6293dcb15d23e37668ea84f10e.png'),
(422, 'IAE Gustave Eiffel', '164175', '39bc9cf646d586a9b412c6d8e225dc54.png'),
(423, 'Harvard Business School', '18484', 'e78ca781d61b0ee11f91423e4e97abe4.png'),
(424, 'Stanford University', '17926', '245bb9cf13ec99bc444a7b84282650ea.png'),
(425, 'Université d''Avignon et des Pays de Vaucluse', '12489', 'e1d0a03fd9d0fa523de8f784d9aa49de.png'),
(426, 'IUT de Montpellier-Sète', '176014', '9a68287b6dedfe77e41d35e9718453e9.png'),
(427, 'Humboldt-Universität zu Berlin', '11879', '418152d73589d87fc19e800efe3eb0f8.png'),
(428, 'Stockholm School of Economics', '17093', '1bc7bb24ac3049818c3819a9bb5cf841.png'),
(429, 'ESG Ecoles de commerce', '153076', '2582e0197a7429c612ed688c2cb0523c.png'),
(430, 'KU Leuven', '10410', 'd41d8cd98f00b204e9800998ecf8427e.'),
(431, 'Московский Государственный Лингвистический Университет (МГЛУ)', '16616', 'd41d8cd98f00b204e9800998ecf8427e.'),
(432, 'EPF', '10917', 'b9a5e23f2921300e0ab02c45f44594f3.png'),
(433, 'Emory University - Goizueta Business School', '18153', 'b0a10bdfc3af2f67df98e3fdd3497dcc.png'),
(434, 'Beijing Foreign Studies University', '11022', 'bd50c3682f3b93f2f4873aa4f8ea25c6.png'),
(435, 'École Hôtelière Savoie Léman', '162084', 'bd574dffdd26e76a9010c3224a410c63.png'),
(436, 'Centre de Formation des Journalistes', '12291', 'bbe4e96a7d22b95c01ec4af9090f3c76.png'),
(437, 'Universidad de Chile', '10960', '4bba99f41892eeef50295aae0fa37957.png'),
(438, 'Xavier Institute of Management', '20997', '50a3a49e409051ecf7935c6b27fe7e90.png'),
(439, 'University of Abertay Dundee', '12685', 'f6883d2203898c598cb9e788363f7821.png'),
(440, 'University of Chicago', '18314', '857ce30334dcda8ccc24bd4a1ef453b0.png'),
(441, 'ENSP - Ecole Nationale Supérieure de la Police', '21229', 'd89746888da2d9510b64a9f031eaecd5.data:image/gif;base64,R0lGODlhAQABAIAAAAAAAP///yH5BAEAAAAALAAAAAABA'),
(442, 'Université de Perpignan Via Domitia', '12506', 'f5bfce2a327bde6b8fd7c02d963a48df.png'),
(443, 'Université Bordeaux Montaigne (ex - Bordeaux 3)', '12539', '9109564aa8923a4fefb397fa0a91edae.png'),
(444, 'University of Oxford', '12716', '24137d793891e49f71ea44da01081f93.png'),
(445, 'Ludwig-Maximilians Universität München', '11901', '5554a4603d9de6e4dd880d3bbb52e37a.png'),
(446, 'Aston University', '12568', '3ce445c0b36c6b091b61af8462e9051c.png'),
(447, 'International School of Geneva', '363009', 'f6842cd8fe6ec9583c442772a8737ee3.png'),
(448, 'Brunel University London', '12575', 'a590aeb970137e36a0b01321ae5175d8.png'),
(449, 'Linköping University', '17099', 'd41d8cd98f00b204e9800998ecf8427e.'),
(450, 'Institut G4', '372082', '7c7cc4719d22e6b767c2e8ec5273eefa.png'),
(451, 'Queen''s University', '10848', '5ea26e992c1c8da895ca42dc4249dbea.png'),
(452, 'ENSTA Bretagne', '170013', 'd63b21884870d919f8ba8699b021ba2e.png'),
(453, 'École Supérieure d''Électricité', '12420', 'ee0a08108847ef59b223bd165729c050.png'),
(454, 'Lycée Sainte-Geneviève', '196007', '03b1a63247d1e168d92699fb539cd682.png'),
(455, 'The Ohio State University', '19133', '211bd1b76a8d6e227e4261d503039d09.png'),
(456, 'Institut d''Etudes politiques de Rennes', '19994', '8f3e611d88d0214481618c2694d7ff7b.png'),
(457, 'Universidad Autónoma de Querétaro', '15072', 'd89746888da2d9510b64a9f031eaecd5.data:image/gif;base64,R0lGODlhAQABAIAAAAAAAP///yH5BAEAAAAALAAAAAABA'),
(458, 'Fundación Universidad de las Américas Puebla', '15004', '7ab4bf054558f6d40796058ac355be31.png'),
(459, 'Stockholm School of Entrepreneurship', '362005', 'e8bdd891c7b4cdb367108680215472d2.png'),
(460, 'The University of Sheffield', '12675', '06eb0a9476616ff604478fc3dcbc3610.png'),
(461, 'Universidad de Los Andes', '11581', '972cac317ba0b53e4df00919a904af79.png'),
(462, 'London School of Business and Finance LSBF', '10935', 'bf774956a96d0dbb6c2e0e610a9483b1.png'),
(463, 'Udacity', '164070', '1f1033d683a92b7b2711f80d310d3b93.png'),
(464, 'Groupe ESC Troyes', '155065', '25d5120d4b94f9aa4d135a5e4fdf4b6d.png'),
(465, 'Högskolan i Halmstad', '20328', 'd4c6ca4f86d56b7447eedd8332d3f605.png'),
(466, 'National University of Ireland, Galway', '13382', 'b7562ea47addb8999a7afe2eee5f5e86.png'),
(467, 'Fachhochschule Regensburg', '11817', 'b76ce36dcb26df42eb545a2653b23f2b.png'),
(468, 'IICP', '43150', '8dda0a8611c78b3d2fb59a7e6bb6d50a.png'),
(469, 'Jacobs University Bremen', '11881', '97f8fe8fdfc822dcae228648876f7d66.png'),
(470, 'Utrecht University', '15450', 'bae2bf6a6ad5df289f28d997ab62cb09.png'),
(471, 'Ensae ParisTech', '12346', '8d66eb2b5ba84f7faafeeb53a10ab75a.png'),
(472, 'Université de Salerno (Italie)', '13888', 'd41d8cd98f00b204e9800998ecf8427e.'),
(473, 'The University of Salford', '12674', 'd41d8cd98f00b204e9800998ecf8427e.'),
(474, 'Université Laval', '10907', 'd7809c00f14b25ca4decc18b07426dc2.png'),
(475, 'University of Alberta', '10795', 'a370f6621721f1628f9cfbd08f08437f.png'),
(476, 'Shanghai University of Finance and Economics', '11326', '1bbd655341a207ef6d115a27d70d15cf.png'),
(477, 'HEC Paris - Ecole 42 - Télécom ParisTech', '43262', '44b24e369f33b745836f8a9639332987.png'),
(478, 'École des Ponts Business School', '12433', '1f5a2147ad73cdb6c8d7dede49dc0e73.png'),
(479, 'Emory University', '18152', '05e063c3dd1da42fafda34a8eb0ac8bd.png'),
(480, 'University of North Carolina at Chapel Hill', '18795', 'd41d8cd98f00b204e9800998ecf8427e.'),
(481, 'Institut Français du Design - Ecole Camondo', '21240', 'd89746888da2d9510b64a9f031eaecd5.data:image/gif;base64,R0lGODlhAQABAIAAAAAAAP///yH5BAEAAAAALAAAAAABA'),
(482, 'University of Hamburg', '11965', 'aa6bfba87b88d613b42c01595b01b38a.png'),
(483, 'Yale University - Yale School of Management', '18044', '9eaf8498407d1320191e10723bc24f61.png'),
(484, 'ISTEC - Ecole Supérieure de Commerce et de Marketing', '161034', '5d4e128dd2255ab5ca76227bf1eb1a80.png'),
(485, 'Massachusetts Institute of Technology - Sloan School of Management', '18495', '294220c0337dae53ddda601419c46023.png'),
(486, 'The Institute of Directors', '22498', 'c5cab407b43e2ad97e0d54b828f7a773.png'),
(487, 'University of Illinois at Urbana-Champaign', '18321', 'd41d8cd98f00b204e9800998ecf8427e.'),
(488, 'Télécom Ecole de Management', '43068', '1c8dc5dc818088ba170e87dda27ba183.png'),
(489, 'Luleå tekniska universitet', '17100', '8995dec92b88249d18c79f140a22995b.png'),
(490, 'Ecole Nationale Supérieure de Géologie', '21253', 'd92b2a07f2c1733e581752ff7a0bd83d.png'),
(491, 'University of Westminster', '12733', 'e61a303cddda3955a2ac2d440198f247.png'),
(492, 'Institut Supérieur d''Etudes en Alternance du Management', '164207', 'a44251c2edf2452ff45d1a7fa99e553b.png'),
(493, 'Universidad de Palermo', '10113', 'a82a84969ea340db7cd4fb30499af138.png'),
(494, 'Fachhochschul-Studiengänge Kufstein Tirol', '10180', '5606af0d38ddacc67c6d3cc7c599ee7f.png'),
(495, 'University of Leeds', '12706', 'ebc167b2a8c7a680b4c6cd16e81e4fa6.png'),
(496, 'University of Birmingham', '12662', 'e74bae679235d5ffd7b206c2c2d37dd7.png'),
(497, 'San Francisco State University', '17909', 'bd77b5921fec003ebcc47954857217af.png'),
(498, 'International School of Business, Dublin', '165082', '963c063b8bec6ec2dbc28e51b4fd21e9.png'),
(499, 'Kingston University', '12602', '48ac7383a2c26ea795262d6bf4e09a6e.png'),
(500, 'SciencesCom - Audencia Group', '43009', '3c1f4393c00c4be20f0a2cb9bdb89d41.png'),
(501, 'Sciences Po Aix', '19989', '7e7ee670a6aac82819060b4aa08bddb8.png'),
(502, 'Universidad de Zaragoza', '12230', '4e93055a20105ec660745286acd14e4b.png'),
(503, 'Shanghai International Studies University', '11318', '58623558cbbec8a835c26b12786b49b6.png'),
(504, 'The Institute of Direct and Digital Marketing', '22478', '42e81acbdde2c1f5fa1d9744628255f8.png'),
(505, 'State University of New York at Stony Brook', '19031', '00243ef1cd198b285a7e84d71ef8da65.png'),
(506, 'Ecole internationale des Sciences du Traitement de l''Information', '12340', 'f905614cda80e4607a0a9c212c9eef0e.png'),
(507, 'Boston College', '18457', '0a501175b8c1f84a3fbeb92b6c8282f8.png'),
(508, 'Hochschule Heilbronn - Hochschule für Technik und Wirtschaft', '11869', '758a29376bd8a1b0c082cae850c43edd.png'),
(509, 'Université de Savoie', '12513', 'f36c1f9370400a55602b26d1a1c20de3.png'),
(510, 'National Technical University of Athens', '21119', 'f9b3cadbbd23385b13b778dbf562f6b6.png'),
(511, 'Supélec', '42125', 'b555900d4a41d5f35420f170ad5140f5.png'),
(512, 'IFP School', '163044', 'ee5f56ba4aea3d3d99d7d57d35374126.png'),
(513, '서울대학교 / Seoul National University', '14687', '6258b67bbd15db99ebb526bd89be9dcb.png'),
(514, 'Sup de Pub - Groupe INSEEC', '188113', '16ed5ef53f99b3cbb1e402f65951bcb4.png'),
(515, 'International Space University', '20956', '745303aa0ce87da05b31e3b220aaf85e.png'),
(516, 'Colorado School of Mines', '17994', '556a670c6d0d74162893879baf9f4a01.png'),
(517, 'Universidad Politécnica de Madrid', '12241', 'f151f4cc3032263253631136ab62ce12.png'),
(518, 'Université d''Evry-Val d''Essonne', '12524', 'a3a57f42e5e8d4c7f49fa73e00cfe904.png'),
(519, 'Università degli Studi di Parma', '13883', 'e03e8be018b211b32735a581214ed4ed.png'),
(520, 'Université Toulouse 1 Capitole', '12523', 'a1716dea9cf44b6395449e54f8fdbad4.png'),
(521, 'Lycée Français Charles de Gaulle de  Londres', '3155132', '5b05d75282ca06b076d066d4e114f43e.png'),
(522, '한국과학기술원(KAIST)', '14630', '4cb3d8afad7dfbd1fb9eb95fc3fd59e0.png'),
(523, 'IUT d''Aix Marseille', '153094', 'd41d8cd98f00b204e9800998ecf8427e.'),
(524, 'IGR-IAE Rennes', '154081', '5767877067133dbfe473b7e0bf7000a8.png'),
(525, 'Wirtschaftsuniversität Wien', '10216', '693f80494b536d90cf81bbee6a6cd6a4.png'),
(526, 'The American College of Greece', '21051', '3be07efc488411f1a51ddac6ca60b91b.png'),
(527, 'Universitat Pompeu Fabra', '12262', '692dc55f2de4fcf60238b91f8155b885.png'),
(528, 'Institut Français de la Mode', '174011', 'a77d5a29e19def3c9a66a5867a0c2dfa.png'),
(529, 'LUISS Business School', '22483', 'c016d16614d68e4aed88567e830fb4ba.png'),
(530, 'University of Mannheim', '11976', '65e5b22bf148cd6b32152a4a2171f570.png'),
(531, 'Institution des Chartreux', '3155192', 'ea21c3cbda46c898670bac9b59abba5e.png'),
(532, 'Groupe Ecole supérieure de Commerce de Dijon-Bourgogne', '12441', '569525e4429df0d419b99311da6380ff.png'),
(533, 'Instituto Superior Técnico', '20311', '9212d1862f334fa037ae26504421434d.png'),
(534, 'l''IAE Lyon : école de Management rattachée à l''Université Jean Moulin Lyon 3', '43416', 'cafe841b16b144c6ce6bf9eef49cb53b.png'),
(535, 'Université de Technologie de Compiègne', '12515', '85645e49053677c9549cd843b5e1c607.png'),
(536, 'Fairleigh Dickinson University', '18857', '01b7da159ace6716149eb462cdd57cfd.png'),
(537, 'Northwestern University - Kellogg School of Management', '18291', 'dc2686471ad012568bd4352723bde503.png'),
(538, 'Sogang University', '14696', '5f4bec8669e4be04185e9a37c3a4c8bb.png'),
(539, 'Duke University', '18765', '00bf5321bb05d3da1673c4bf4c863b14.png'),
(540, 'Pontificia Universidad Católica del Perú', '15550', 'b18f7999646c7d2a13f1c7c8d060721d.png'),
(541, 'Universität Regensburg', '11981', '482a3b05ba66cefdc3179caa0b4e30cb.png'),
(542, 'University of Helsinki', '12274', 'a49f3e1e7f330c257439be5b1f9740d6.png'),
(543, 'ESADE Business School', '12188', '10976e938ccc6ba27347fd7e5c1c0be7.png'),
(544, 'University of California, Riverside', '17952', 'd41d8cd98f00b204e9800998ecf8427e.'),
(545, 'University of California, Berkeley - School of Law', '17941', 'b5b630caa333cc455f9dd4c5c992e7db.png'),
(546, 'New York University - Leonard N. Stern School of Business', '18994', '5e189018d9564c11a3fecf9559b49f0c.png'),
(547, 'EESAB (École Européenne Supérieure d''Art de Bretagne)', '188074', 'd41d8cd98f00b204e9800998ecf8427e.'),
(548, 'Politechnika Gdańska', '15968', '5379851118c451740c22ab69653ceac8.png');
(549, 'The University of Texas at Austin', '19518', '5982c6ceafdff34a122d8b1e633d5256.png'),
(550, 'Napier University', '12617', 'd212438488d981e132942988d411d944.png'),
(551, 'Ipesup', '43266', 'd89746888da2d9510b64a9f031eaecd5.data:image/gif;base64,R0lGODlhAQABAIAAAAAAAP///yH5BAEAAAAALAAAAAABA'),
(552, 'University of Ottawa / Université d''Ottawa', '10858', '151b7a83f9da40610d430437c7954591.png'),
(553, 'Delhi University', '20321', '906061b93791c3f35457788ee52dad6c.jpg'),
(554, 'Fudan University', '11109', 'b560954da074921d1048de66f394982e.png'),
(555, 'ICD Business School, Paris - Toulouse - Dublin - Shanghai', '163080', 'e6f340127a3a3cd810bd97c28f6895a3.png'),
(556, 'Nanyang Technological University', '17113', '6c3b59702ae75a5d2ab6a9085d2bbc12.png'),
(557, 'Boston University School of Law', '18463', '863dbf1ada74e34ed89caa8114c39b4f.png'),
(558, 'University of St.Gallen', '10928', '775787ebec76958419bd85db596de74c.png'),
(559, 'University of Greenwich', '12704', '4d1a0808f6b48c151ddf9ca0c466a684.png'),
(560, 'Ecole centrale d''Electronique', '12304', '31405be03508e2adce594a7ddaa72569.png'),
(561, 'IIM Lucknow', '19950', '098c6dd644fb38b9f85e6c0b92780c6a.png'),
(562, 'École des Mines de Nantes', '12335', '1b61bd29bd7bd16c41520c8898a82236.png'),
(563, 'Pôle d''Enseignement supérieur et de Recherche agronomique de Rennes', '12477', 'd89746888da2d9510b64a9f031eaecd5.data:image/gif;base64,R0lGODlhAQABAIAAAAAAAP///yH5BAEAAAAALAAAAAABA'),
(564, 'Universidade Federal do Ceará', '10687', 'f27190f4e6d64a83ec2b62e0f0ed65fe.png'),
(565, 'Glyndŵr University', '162037', 'd41d8cd98f00b204e9800998ecf8427e.'),
(566, 'Universidad Antonio de Nebrija', '12193', '19f2f022dfe8c7c39d6aadd1240cb7bf.png'),
(567, 'Southeast University', '11363', '663d5e6df8fdaaa7af6362c890c6092e.png'),
(568, 'International Business School', '21179', '9efe7012fa3259e7541abda6cb46ac44.png'),
(569, 'Université de Montréal - Ecole polytechnique de Montréal', '10893', 'd41d8cd98f00b204e9800998ecf8427e.'),
(570, 'ENC Lycée Blomet', '234065', '3fec57e58360d5b5e378e2444187b1a0.png'),
(571, 'Ecole Supérieure de Management en Alternance (ESM-A)', '165086', '3fca635595d5e9c0bab4caa16ed5a25d.png'),
(572, 'Université de Carthage', '17326', 'd89746888da2d9510b64a9f031eaecd5.data:image/gif;base64,R0lGODlhAQABAIAAAAAAAP///yH5BAEAAAAALAAAAAABA'),
(573, 'Politecnico di Milano', '13843', '18100277cc0d6b7006a47a3d4f3280da.png'),
(574, 'Institut International du Multimédia', '162072', '1c665c65976aa907d76cbc42526ac80c.png'),
(575, 'Texas A&M International University', '19490', '8f723d81b25bbd0d066d9956a6138659.png'),
(576, 'Université de Haute-Alsace Mulhouse-Colmar', '12497', 'b7ea4b3194803efc21ffa0ba6e5fb223.png'),
(577, 'University of California, Davis', '17942', '3fa9e2df5f635fb39144479dc56503d9.bin'),
(578, 'Bond University', '10219', 'd41d8cd98f00b204e9800998ecf8427e.'),
(579, 'Universidad Adolfo Ibáñez', '10940', 'd41d8cd98f00b204e9800998ecf8427e.'),
(580, 'Thunderbird School of Global Management', '17781', 'd41d8cd98f00b204e9800998ecf8427e.'),
(581, '对外经济贸易大学', '11400', 'd41d8cd98f00b204e9800998ecf8427e.'),
(582, 'Fachhochschule Frankfurt am Main', '11774', 'd41d8cd98f00b204e9800998ecf8427e.'),
(583, 'AgroParisTech - Institut des sciences et industries du vivant et de l''environnement', '21223', 'd41d8cd98f00b204e9800998ecf8427e.'),
(584, 'Universitat Politècnica de València (UPV)', '12242', 'd41d8cd98f00b204e9800998ecf8427e.'),
(585, 'EURECOM', '20528', '7eeb7b7522aae65d21175a637fa2327a.com/dms/image/C4D0BAQEP-cn-26yhHg/company-logo_400_400/0?e=21295008');

