(1, 'highflyers agency', '9415583'),
(2, 'Les Echos', '164716'),
(3, 'RTL', '488494'),
(4, 'REFSA - Intégrateur de solutions BIM', '9235030'),
(5, 'AXA Group Solutions', '2221'),
(6, 'Unisys', '1281'),
(7, 'KPIT France', '5521'),
(8, 'Atos Origin', '1259'),
(9, 'Vivendi', '4110'),
(10, 'Mondadori France', '769745'),
(11, 'Genymobile', '3002268'),
(12, 'Devoteam', '4160'),
(13, 'Eldorado.co', '11219174'),
(14, 'Projet-Phoenix', '11023431'),
(15, 'Indiana Capital', '11037371'),
(16, 'ESCP Europe', '308907'),
(17, 'Welcome to the Jungle', '5233683'),
(18, 'Labiotech.eu', '5312453'),
(19, 'Clevy.io', '10992762'),
(20, '►VIDATA', '10418790'),
(21, 'FrenchFounders', '5100447'),
(22, 'Bubble VR', '15177097'),
(23, 'AppiNest', '10776724')
(24, 'Ticket for Change', '10090333'),
(25, 'Careers-in-law.com', '10019594'),
(26, 'Leaders League', '3272644'),
(27, 'SOMONE', '1987246'),
(28, 'POM Monitoring', '1185948'),
(29, 'CBS Outdoor - ExterionMedia', '7844'),
(30, 'Global Interface', '359256'),
(31, 'Arkoon Network Security - STORMSHIELD', '41956'),
(32, 'Macnil Gruppo Zucchetti', '1982263'),
(33, 'JOB4', '2012267'),
(34, 'ALTRAN', '3124'),
(35, 'L''EQUIPE', '1128225'),
(36, 'Canal+', '162884'),
(37, 'Media 365 - Sporever', '1686901'),
(38, 'NextradioTV', '2183382'),
(39, 'Sotheby''s', '166056'),
(40, '@radical.media', '17596'),
(41, 'Mazars', '5126'),
(42, 'ALSTOM', '2443'),
(43, 'Voltalia Energia do Brasil', '5354975'),
(44, 'Gide Loyrette Nouel', '163989'),
(45, 'FIL DP', '5240371'),
(46, 'Dalloz', '4988173'),
(47, 'Arts et Métiers Alumni (Société des Ingénieurs Arts et Métiers)', '1073953'),
(48, 'L''Usine Nouvelle', '11079999'),
(49, 'Le Courrier picard', '11124901'),
(50, 'Viadeo', '167808'),
(51, 'Agregator', '72365'),
(52, 'PeopleDoc Inc.', '5071500'),
(53, 'OCTO Technology', '14721'),
(54, 'CANAL OVERSEAS', '763317'),
(55, 'SmartCapital', '10214669'),
(56, 'Saint-Gobain Abrasives', '2985'),
(57, 'Netcosports', '724832'),
(58, 'Élu Produit de l''Année France', '15176663'),
(59, 'RB', '3098'),
(60, 'L''Oréal', '1662'),
(61, 'DIAGAST', '903400'),
(62, '3M Health Care', '1864'),
(63, 'Fnac', '163855'),
(64, 'GrandVision', '34008'),
(65, 'Accor', '3055'),
(66, 'NYSE Euronext', '3828'),
(67, 'jalma', '57552'),
(68, 'showroomprive.com', '436699'),
(69, 'Towergate Insurance', '798815'),
(70, 'Octopus.com', '18711'),
(71, 'PhotoBox', '832810'),
(72, 'Alcatel-Lucent', '1070'),
(73, 'The Other Store - The OZ', '2352211'),
(74, 'zanox - Axel Springer Group', '14408'),
(75, 'Yahoo/Kelkoo', '1288'),
(76, 'PIXmania', '7859'),
(77, 'KLEPIERRE', '92265'),
(78, 'Gap', '1677'),
(79, 'Maison Pierre Hardy', '572917'),
(80, 'IP Network', '82828'),
(81, 'Superprof', '9444808'),
(82, 'THINKERS & DOERS', '5397435'),
(83, 'Ministère français de l’Éducation nationale', '8059'),
(84, 'MIT Sloan School of Management', '1501'),
(85, 'Harvard Business School', '4867'),
(86, 'Harvard Kennedy School''s Belfer Center for Science and International Affairs', '3754002'),
(87, 'ICM - Brain & Spine Institute', '1692224'),
(88, 'Idinvest Partners', '1223140'),
(89, 'Wavestone', '10133'),
(90, 'Le Petit Paumé', '799567'),
(91, 'Wibki', '2982916'),
(92, 'BNP Paribas Cardif', '282760'),
(93, 'Octoly', '3502602'),
(94, 'Merci Alfred - My Little Paris', '9321420'),
(95, 'San Cristobal', '508821'),
(96, 'Estilos S.R.L.', '1675584'),
(97, 'O2 HOME SERVICES', '898855'),
(98, 'Europcar España', '3803853'),
(99, 'MENLOOK GROUP', '1392619'),
(100, 'VeryChic', '2311589'),
(101, 'Malakoff Mederic', '483572'),
(102, 'Influence4You (agence d''influenceurs) et Influence4brands (plate-forme d''influence)', '2864315'),
(103, 'WIZDEO', '1174126'),
(104, 'TF1', '6240'),
(105, 'Sportfive', '1048905'),
(106, 'COSA', '990229'),
(107, 'DAVYTOPIOL', '2315182'),
(108, 'Chambre de Commerce et d''Industrie de Strasbourg et du Bas-Rhin', '1161340'),
(109, 'KPMG France', '1848155'),
(110, 'TECHO | TETO', '306939'),
(111, 'BearingPoint', '1349'),
(112, 'Société Générale', '1691'),
(113, 'Olympic Steel', '33810'),
(114, 'SAP', '1115'),
(115, 'Accenture', '1033'),
(116, 'Capgemini', '157240'),
(117, 'Sefas Innovation', '33684'),
(118, 'Addvisory GROUP', '139230'),
(119, 'Thales Communication & Security', '1951'),
(120, 'Atos Worldline', '2611817'),
(121, 'The Phone House', '8548'),
(122, 'Infineon Technologies', '2148'),
(123, 'THALES UK LIMITED', '19889773'),
(124, 'THALES COMMUNICATIONS & SECURITY SA', '22476577'),
(125, 'Air France', '4242'),
(126, 'VPS Healthcare', '5223563'),
(127, 'Lexicon', '571397'),
(128, 'Doordarshan News', '214745'),
(129, 'Kyriba France', '3195190'),
(130, 'SURFEO', '2079524'),
(131, 'HCL Technologies', '1756'),
(132, 'Amundis', '586529'),
(133, 'Safran', '521777'),
(134, 'PSA Peugeot Citroën', '260214'),
(135, 'medici.tv', '2067626'),
(136, 'LeCab', '3042508'),
(137, 'Louis Vuitton', '5790'),
(138, 'TAGSYS', '28584'),
(139, 'Shoette', '1363400'),
(140, 'Lima Technology', '10417071'),
(141, 'Doctipharma - Lagardère Active', '5065449'),
(142, 'Serena Capital', '486780'),
(143, 'Reverso - Softissimo', '1347439'),
(144, 'RV Conseil - Real Value Consulting', '91177'),
(145, 'Toluna', '839196'),
(146, 'Sesame Workshop', '9193'),
(147, 'Exquisite Surfaces', '1327971'),
(148, 'BravoSolution', '15147'),
(149, 'Publicis Consultants', '2821'),
(150, 'Carrefour', '3046'),
(151, 'Red Luxury Watches', '10565694'),
(152, 'Lacoste', '164666'),
(153, 'Hackett London', '613053'),
(154, 'CustomerMatrix', '2958810'),
(155, 'PolySpot', '120028'),
(156, 'Balmain', '6609288'),
(157, 'Jean Cacharel SA', '6762746'),
(158, 'MESSIKA PARIS', '2915159'),
(159, 'Mauboussin', '780029'),
(160, 'Renault', '2431'),
(161, 'Bureau Veritas', '162834'),
(162, 'Ralph Lauren', '4688'),
(163, 'Esprit', '163687'),
(164, 'Eric Bompard', '3877385'),
(165, 'Prada', '8666'),
(166, 'KelOptic', '3238681'),
(167, 'Lyreco France', '3580494'),
(168, 'Trusk', '10330671'),
(169, 'Tatacaisse', '10019920'),
(170, 'Tech''4''Team', '3759083'),
(171, 'KPMG', '2525300'),
(172, 'EAT Online - ALLO RESTO', '2782780'),
(173, 'Groupon France', '355611'),
(174, 'PricewaterhouseCoopers', '1044'),
(175, 'FitNet Application', '279509'),
(176, 'Vermeg', '38256'),
(177, 'Bengs', '4786534'),
(178, 'CGI Business Consulting', '1415'),
(179, 'Oracle', '1028'),
(180, 'BI consulting', '742477'),
(181, 'AXA Assistance', '11149'),
(182, 'Matelli', '210728'),
(183, 'EDF', '4249'),
(184, 'One2Team', '76548'),
(185, '90Tech', '9349164'),
(186, 'Salmon S.A.S.', '10521066'),
(187, 'GoMore', '3092399'),
(188, 'ma-residence.fr', '478573'),
(189, 'Join Lion - TheFamily', '10783802'),
(190, 'Africa Internet Group', '3190066'),
(191, 'Havas Media', '164133'),
(192, 'ISC Paris', '511784'),
(193, 'GMX YouTransactor', '1170656'),
(194, 'Anevia', '40174'),
(195, 'DxO Labs', '22846'),
(196, 'Magency Digital', '2586977'),
(197, 'FAGUO', '2119997'),
(198, 'MARQUETIS GROUPE', '552333'),
(199, 'Thomas Marko & Associés', '1322661'),
(200, 'Fédération de Paris de la Ligue de l''enseignement', '10395488'),
(201, 'MediaTech Solutions (SaaS)', '2196303'),
(202, 'Keyrus', '12328'),
(203, 'IDXCEL', '1880624'),
(204, 'Qlik', '10162'),
(205, 'IDnomic (anciennement OpenTrust)', '32872'),
(206, 'Texas Instruments', '1397'),
(207, 'Atmel Corporation', '4691'),
(208, 'Sierra Wireless', '8658'),
(209, 'Microchip Technology', '6481'),
(210, 'KOBALTT', '414606'),
(211, 'Groupe Randstad France', '382028'),
(212, 'DELL', '1093'),
(213, 'BNP Paribas', '1508'),
(214, 'Ariba', '2818'),
(215, 'Alstom Power', '2444'),
(216, 'J. Walter Thompson Paris', '8556095'),
(217, 'Research International - Société d''études (quantitatives et qualitatives) - 150 personnes', '4961'),
(218, 'Hilti France (Outillage pour les professionnels du batiment) - 1250 personnes', '4205'),
(219, 'Coca-Cola Enterprises', '3182'),
(220, 'Berger-Levrault Software - France', '140649'),
(221, 'CA Technologies - US Software company - Public company - France', '1372'),
(222, 'Business Objects - US Software company - Public Company - Singapore', '1788'),
(223, 'Reed Elsevier  - Publishing company - Public company - UK', '3022'),
(224, 'KPMG - UK', '1080'),
(225, 'Animalis', '3089237'),
(226, 'Feelactiv', '11054737'),
(227, 'Edenred', '3057'),
(228, 'Doctolib', '4999584'),
(229, 'Ullink', '26262'),
(230, 'Deloitte', '1038'),
(231, 'Publicis.Sapient', '10801655'),
(232, 'SapientRazorfish', '2864'),
(233, 'Nurun France becomes Razorfish', '6018'),
(234, 'BETC', '3497715'),
(235, 'Singer & Hamilton', '65732'),
(236, 'TBWA\\France', '149067'),
(237, 'Hachette Filipacchi Media', '5765'),
(238, 'Solocal Group', '17804'),
(239, 'PagesJaunes SA', '1485648'),
(240, 'Orange Labs', '1110'),
(241, 'In Extenso - Deloitte', '83127'),
(242, 'Global Approach Consulting - Grande Armée Conseil', '2354006'),
(243, 'Groupe EFE - CFPJ', '2481090'),
(244, 'Companeo', '35875'),
(245, 'Eurosport', '163726'),
(246, 'Linedata', '7341'),
(247, 'Bull', '2274'),
(248, 'U.S. Department of State', '3100'),
(249, 'AVENCORE', '690410'),
(250, 'AREVA TA', '50904'),
(251, 'AREVA', '3901'),
(252, 'Primafrance Systems SAS', '514155'),
(253, 'PayLead', '10919708'),
(254, 'Stuart', '10001375'),
(255, 'MonDocteur', '3161944'),
(256, 'Procter & Gamble', '1116'),
(257, 'Kusmi Tea', '739934'),
(258, 'Palantir Technologies', '20708'),
(259, 'Schlumberger', '1468'),
(260, 'Roland Berger Strategy Consultants', '3950'),
(261, 'Expertise Bureautique', '9247212'),
(262, 'Tech Data France', '1804748'),
(263, 'Netherlands Institute for Neuroscience', '292887'),
(264, 'INSERM', '8066'),
(265, 'SlimPay', '1509498'),
(266, 'JIGA', '2383878'),
(267, 'MARSANS international France', '1291596'),
(268, 'LGM', '20108'),
(269, 'CEDAR France', '217546'),
(270, 'Demos', '14033'),
(271, 'Complétude', '1926090'),
(272, 'Sushi Shop', '4646903'),
(273, 'Samsung Electronics France', '1753'),
(274, 'Mapp Digital (ex: Teradata Marketing Applications)', '162487'),
(275, 'Performics (Vivaki - Groupe Publicis)', '468160'),
(276, 'Allianz Group', '2979'),
(277, 'Development institute international', '2270963'),
(278, 'Mercedes-Benz (Savia)', '10669058'),
(279, 'OSIsoft', '8822'),
(280, 'The MathWorks', '1194036'),
(281, 'SHERPA ENGINEERING', '1222343'),
(282, 'GE Oil & Gas', '1021'),
(283, 'CEREBRIS', '17881522'),
(284, 'Akka Technologies', '320456'),
(285, 'Barco', '4478'),
(286, 'Tata Consultancy Services', '1353'),
(287, 'Steria Group', '3054'),
(288, 'CHOREGIE - MGEN', '49675'),
(289, 'SWAROVSKI', '8602'),
(290, 'Charles Jourdan France S.A', '8137759'),
(291, 'Cartier', '5001'),
(292, 'Christian Dior Couture', '17577'),
(293, 'Olapic', '461765'),
(294, 'SmartFocus', '19916'),
(295, 'Criteo', '37209'),
(296, 'Mustang Interactive', '3338390'),
(297, 'Milky', '2758177'),
(298, 'OgilvyOne Worldwide', '1672'),
(299, 'TBWA\\Interactive', '166268'),
(300, 'MRM Worldwide', '1927'),
(301, 'BIM-ME s.a.r.l', '1221522'),
(302, 'Agostine And Raphael Group', '425028'),
(303, '360Learning - LMS & Corporate Universities', '1598756'),
(304, 'Sciforma Corporation', '106432'),
(305, 'Kerneos', '46736'),
(306, 'Connective', '588239'),
(307, 'LinkedIn', '1337'),
(308, 'Alexander Mann Solutions', '6227'),
(309, 'Fed Finance', '489123'),
(310, 'Logica', '2347'),
(311, 'Adecco', '1104359'),
(312, 'Airbus', '2734'),
(313, 'OWLIANCE', '740416'),
(314, 'Talentsoft', '210243'),
(315, 'Talisker Consulting', '772190'),
(316, 'Bluegarden AS', '13803'),
(317, 'Bouygues Telecom', '3665'),
(318, 'Generali', '163967'),
(319, 'Nexans', '7543'),
(320, 'LVMH', '164788'),
(321, 'Arcelor Mittal', '3727'),
(322, 'Ministère de la Justice', '222742'),
(323, 'DICTAO', '26878'),
(324, 'ARVIN EXHAUST', '5394'),
(325, 'RHENACOAT', '139734'),
(326, 'Synalia', '5135902'),
(327, 'Grant-Thornton France', '576335'),
(328, 'Elior France', '12539'),
(329, 'IBISKUS', '1925601'),
(330, 'Agrochange', '10879632'),
(331, 'Endesa Energia Succursale France', '1829588'),
(332, 'KPMG Audit', '1079'),
(333, 'GEFCO', '8742'),
(334, 'Business Research Group', '261765'),
(335, 'Decathlon', '6150'),
(336, 'Groupe Sweetco', '1243960'),
(337, 'Graham & Brown', '102535'),
(338, 'CPM France', '781373'),
(339, 'PepsiCo', '1431'),
(340, 'Norauto', '49690'),
(341, 'Anheuser-Busch InBev', '255188'),
(342, 'Europcar International', '6717'),
(343, 'Hermes Sellier', '2999687'),
(344, 'SaleCycle', '778109'),
(345, 'PowerVote', '608001'),
(346, 'CHD Expert', '828547'),
(347, 'BMW', '2387'),
(348, 'Teldar travel', '1413471'),
(349, 'Club Med', '163115'),
(350, 'Total', '1818'),
(351, 'COFELY GDF-SUEZ', '274185'),
(352, 'CSC', '1120'),
(353, 'Hubwoo', '12634'),
(354, 'IBM Global Services', '1009'),
(355, 'Hewlett-Packard Laboratories', '1025'),
(356, 'Revevol', '119158'),
(357, 'Paris Saint-Germain', '223739'),
(358, 'CM-CIC Securities', '5673'),
(359, 'Catholic Community Services', '26643'),
(360, 'SilencerCo', '2459263'),
(361, 'Nicholas and Company', '120864'),
(362, 'Sento Corporation', '7269'),
(363, 'JPMorgan Chase', '1068'),
(364, 'Convergence Communications, Inc.', '51290'),
(365, 'Dalloyau', '1030663'),
(366, 'BNP Paribas Real Estate', '963211'),
(367, 'Essilor', '163690'),
(368, 'Egencia', '2750'),
(369, 'Hawk SAS', '5320523'),
(370, 'Cegid Group', '162946'),
(371, 'Infoclip', '624702'),
(372, 'Michelin', '4101'),
(373, 'Ultramar Travel Management', '50667'),
(374, 'JV Média', '5201470'),
(375, 'SAP SuccessFactors', '166185'),
(376, 'Audi France', '2650600'),
(377, 'Transiciel', '1952'),
(378, 'The Boston Consulting Group', '1784'),
(379, 'HSBC', '1241'),
(380, 'Canon, Inc.', '2195'),
(381, 'Radisson Blu', '5424'),
(382, 'McKinsey & Company', '1371'),
(383, 'OpenText Analytics', '2709'),
(384, 'KDS', '14119'),
(385, 'HR Access Solutions', '18931'),
(386, 'GE', '1015'),
(387, 'Atos Consultinng', '1261'),
(388, 'ALTI', '162394'),
(389, 'Unilog Management', '2349'),
(390, 'Oscaro.com', '676695'),
(391, 'Les Mousquetaires - Bricomarché', '164412'),
(392, 'AG2R LA MONDIALE', '811282'),
(393, 'Thanksys', '10151665'),
(394, 'Archos', '18647'),
(395, 'eduPad', '1542619'),
(396, 'ANFR', '54100'),
(397, 'TDF', '10196'),
(398, 'Mydral', '10898136'),
(399, 'Limtree', '2968468'),
(400, 'Université de Cergy-Pontoise', '86580'),
(401, 'AGRION', '704097'),
(402, 'Wall Street English', '166863'),
(403, 'GN Research', '52027'),
(404, 'Capgemini Consulting', '1075'),
(405, 'Sony Ericsson', '2321'),
(406, 'Digimind', '42206'),
(407, 'Mazzantini & Associati SA', '9220038'),
(408, 'Sky Italia', '8043'),
(409, 'Veritas Technologies LLC', '10003324'),
(410, 'Symantec', '1231'),
(411, 'Systemic', '85972'),
(412, 'DICOM Spigraph Group', '2533447'),
(413, 'Sogeti', '1956'),
(414, 'Monitor Deloitte (ex Monitor Group)', '10397673'),
(415, 'BrickVest', '4820406'),
(416, 'GoCardless', '2808012'),
(417, 'Qoopl', '2786865'),
(418, 'Torch Partners', '2414590'),
(419, 'LFPI (Lazard Group)', '103080'),
(420, 'Goldman Sachs', '1382'),
(421, 'New Star Asset Management', '26355'),
(422, 'Talend', '65485'),
(423, 'Ingenico ePayments', '24781'),
(424, 'LEYTON', '1843705'),
(425, 'Neurones-IT', '2969806'),
(426, 'Hopscotch Paris', '26089'),
(427, 'Blédina', '2675829'),
(428, 'Nextstars', '2723474'),
(429, 'S2H Communication', '10943031'),
(430, 'Association Mampreneurs', '9279388'),
(431, 'Systar', '15430'),
(432, 'Gartner', '2078'),
(433, 'Docoon', '1031616'),
(434, 'Spring', '656370'),
(435, 'Actility', '970610'),
(436, 'Alcom electronics', '61979'),
(437, 'On Semiconductor', '165308'),
(438, 'CentraleSupélec', '14803'),
(439, 'Dassault Aviation', '8693'),
(440, 'Letsignit', '10979320'),
(441, 'Thomson Reuters', '1400'),
(442, 'PGI', '4863'),
(443, 'Anytime', '5060086'),
(444, 'Take Eat Easy', '2687696'),
(445, 'Microsoft', '1035'),
(446, 'Danone', '2238'),
(447, 'Qualiac - #SolutionsERP', '84791'),
(448, 'EGIS', '58636'),
(449, 'Fastmag', '1202176'),
(450, 'PrestaShop', '489118'),
(451, 'Voilatv', '6982619'),
(452, 'viagogo', '97342'),
(453, 'Oodrive', '84363'),
(454, 'Wolters Kluwer France', '66387'),
(455, 'Primobox', '342553'),
(456, 'ANONYMES + Groupe SEPTEO', '3192253'),
(457, 'SD Worx', '165892'),
(458, 'MeilleureGestion', '154174'),
(459, 'Projinvest & Projinvest Services', '2112542'),
(460, 'Mobeye app', '3045903'),
(461, 'e-loue', '1162469'),
(462, 'Vishay Intertechnology, Inc.', '7449'),
(463, 'PriceMinister', '28697'),
(464, 'Louisiana Children''s Museum', '2896193'),
(465, 'Oracle France', '27104171'),
(466, 'BOXTAL', '2501399'),
(467, 'Blackdivine LLC', '1525998'),
(468, 'Ambassade de Belgique - Bureau économique', '599195'),
(469, 'PreEmptive Solutions', '52751'),
(470, 'Parasoft', '9458'),
(471, 'IDB Consulting', '44381'),
(472, 'Schefenacker Vision Systems', '77033'),
(473, 'DMH Stallard LLP', '318134'),
(474, 'Determine', '165915'),
(475, 'LiveSource', '3830604'),
(476, 'MFG.com', '15794'),
(477, 'Cosmoprof Worldwide Bologna', '2858703'),
(478, 'Reed MIDEM - a member of Reed Exhibitions', '12857'),
(479, 'Oxelo', '1383227'),
(480, 'Krak Studios', '3513924'),
(481, 'Bolloré Africa Logistics', '502280'),
(482, 'GFC Construction', '5786'),
(483, 'TIBCO Software Inc.', '3420'),
(484, 'Xerox', '1373'),
(485, 'CBRE', '2319'),
(486, 'UBIFRANCE', '166555'),
(487, 'Neolane', '25971'),
(488, 'MiiMOSA', '5375644'),
(489, 'Bromance Records || Savoir Faire', '708050'),
(490, 'Ipsos', '4318'),
(491, 'W/Atjust', '393791'),
(492, 'Draft fcb', '157297'),
(493, 'Euro RSCG C&O (Havas)', '2500'),
(494, 'CrossKnowledge', '163266'),
(495, 'Lumesse', '764805'),
(496, 'CILAOS Conseil', '219450'),
(497, 'Tallis-Consulting', '570530'),
(498, 'Informatica', '3858'),
(499, '99 Advisory', '1331310'),
(500, 'URGO', '2040803'),
(501, 'Prodware France', '49925'),
(502, 'Unit4', '8120'),
(503, 'Talentia Software', '594049'),
(504, 'Lawson Software', '2973'),
(505, 'Ogilvy & Mather', '1673'),
(506, 'EMI Music', '3373'),
(507, 'OMD France // Kiddo', '3711772'),
(508, 'PHD Worldwide', '211857'),
(509, 'Rumeur Publique', '1542310'),
(510, 'Figaro Medias', '794237'),
(511, 'Brandarex', '1550368'),
(512, 'Champagne Deutz', '873378'),
(513, 'Agence H', '2009629'),
(514, 'Quantic', '50049'),
(515, 'Hays', '3486'),
(516, 'MR SEARCH', '778367'),
(517, 'RIVIERE Consulting', '1538844'),
(518, 'VISEO', '22294'),
(519, 'Avenir Conseil Formation, ALTEN', '5322'),
(520, 'Koolicar', '5074362'),
(521, 'OVH.com', '1883877'),
(522, 'Hospimedia', '956005'),
(523, 'Airbus Defence and Space - Intelligence', '10795189'),
(524, 'KIABI', '32003'),
(525, 'Experian', '2534'),
(526, 'Supermarchés Match', '122284'),
(527, 'Zenchef', '1161449'),
(528, 'Marlette', '16152744'),
(529, 'Guestonline', '3250197'),
(530, 'La Vie Française', '9200974'),
(531, 'Vecteur Plus', '78755'),
(532, 'VERYWEAR', '2914877'),
(533, 'Gémo, groupe ERAM', '1826523'),
(535, 'Darty', '15496'),
(536, 'ESPACE MEDIA', '9413762'),
(537, 'Akacia', '297908'),
(538, 'Easy Skill', '3586677'),
(539, 'Work4', '1227676'),
(540, 'Beijaflore', '162680'),
(541, 'Smartbox', '258639'),
(542, 'CNRS - Centre national de la recherche scientifique', '327066'),
(543, 'École Normale Supérieure de Cachan', '1102489'),
(544, 'UPMC - Université Pierre et Marie Curie (Paris 6)', '288600'),
(545, 'SFEIR', '25906'),
(546, 'Addstones-Vanilla', '221757'),
(547, 'Faiveley Transport', '19103'),
(548, 'EASYRECRUE', '3035410'),
(549, 'id beauty', '5053128'),
(550, 'Maporama Solutions', '36242'),
(551, 'Ernst & Young', '1073'),
(552, 'Pernod Ricard China', '12951'),
(553, 'Air Liquide', '3818'),
(554, 'Dynamic Yield', '2582575'),
(555, 'Fontaine Consultants', '52015'),
(556, 'TLM Com.', '71399'),
(557, 'weréso', '5318296'),
(558, 'A.S.O.', '40060'),
(559, 'Le Projet Imagine', '2822217'),
(560, 'Artsper', '2855101'),
(561, 'Christie''s', '163032'),
(562, 'PRINTEMPS', '15658'),
(563, 'Parrot', '13708'),
(564, 'Kurt Salmon', '5631'),
(565, 'Realytics', '4985128'),
(566, 'ROCK8', '2927515'),
(567, 'vNext', '777970'),
(568, 'Ankama', '67125'),
(569, 'JULES', '117912'),
(570, 'Freelance.com', '455398'),
(571, 'AEROW', '374133'),
(572, 'Kerensen Consulting', '206039'),
(573, 'AdaCore', '39996'),
(574, 'University of Padua', '9180'),
(575, 'Airbus Safran Launchers', '10236541'),
(576, 'The University of Auckland', '3691'),
(577, 'Cambridge Blockchain, LLC', '10121941'),
(578, 'Bartle Business Consulting', '112393'),
(579, 'Blockchain Solutions', '15182468'),
(580, 'Credit.fr', '9415180'),
(581, 'Marne & Finance', '1674039'),
(582, 'Velocita Energies ', '11045921'),
(583, 'Naskeo Environnement', '1651301'),
(584, 'CEGELEC', '38236'),
(585, 'VOL-V Solar', '1041076'),
(586, 'Mott MacDonald', '7253'),
(587, 'Phanes Group', '9220523'),
(588, 'Upsolar Global', '645960'),
(589, 'CRM Company', '491845'),
(590, 'Groupe Artdesk', '3146982'),
(591, 'CD&B', '5246660'),
(592, 'Strong', '5003831'),
(593, 'GM Consultant', '2709963'),
(594, 'Groupe Rocher', '6091'),
(595, 'EIFFAGE Travaux Publics', '37417'),
(596, 'Spie SCGPM, groupe Spie Batignolles', '860481'),
(597, 'PIXID', '146301'),
(598, 'Parrot Automotive', '10469105'),
(599, 'SAGE ENGINEERING', '27058880'),
(600, 'SETEC', '218729'),
(601, 'Bain & Company', '2114'),
(602, 'UC Berkeley', '2517'),
(603, 'Armée de Terre - Centre National d''Aguerrissement en Montagne', '3180447'),
(604, 'Snips', '5024356'),
(605, 'Checkr, Inc.', '3535535'),
(606, 'Homejoy', '2640911'),
(607, 'TOMeTTe Ltd', '6769253'),
(608, 'Antin Infrastructure Partners', '1867080'),
(609, 'Bombardier Transportation', '2723'),
(610, 'Siemens', '1043'),
(611, 'Stanwell Consulting', '348788'),
(612, 'Groupe SEB', '164065'),
(613, 'Maltem Consulting Group', '33832'),
(614, '42', '2354401'),
(615, 'FINAXYS', '1362872'),
(616, 'Deloitte France', '2481360'),
(617, 'ELAN EDELMAN', '1480106'),
(618, 'MediaDev', '92510'),
(619, 'Skate Canada', '970205'),
(620, 'Integria Healthcare', '509342'),
(621, 'Queensland Performing Arts Centre (QPAC)', '84697'),
(622, 'Cerebral Palsy League', '258603'),
(623, 'Tabcorp - Treasury Casino Brisbane', '8442'),
(624, 'Royal Australian Air Force', '946571'),
(625, 'Education Queensland', '427491'),
(626, 'RateSetter', '1278801'),
(627, 'Fieldfisher', '18772'),
(628, 'Financial Ombudsman Service', '22149'),
(629, 'Intel Security', '2336'),
(630, 'BGL Group', '162701'),
(631, 'Bose Consulting Limited', '1926294'),
(632, 'Argent Group Europe Limited', '3793411'),
(633, 'Tuck School of Business at Dartmouth College', '716453'),
(634, 'Synack, Inc.', '2973445'),
(635, 'Amazon.com', '1586'),
(636, 'Beck Industries', '2980896'),
(637, 'IÉSEG School of Management', '319911'),
(638, 'ICN Business School', '854182'),
(639, 'PricewaterhouseCoopers', '457422'),
(640, 'Anaïk', '1764607'),
(641, 'PROVOST', '3248391'),
(642, 'Quelle France', '12853'),
(643, 'Redcats', '7288'),
(644, 'La Redoute', '9971'),
(645, 'Iris Capital', '117523'),
(646, 'Momentum Services Ltd', '83342'),
(647, 'Les Ateliers Ruby', '1987981'),
(648, 'Millicom International Cellular', '8579'),
(649, 'Different companies', '2035513'),
(650, 'Ministère des Affaires étrangères et du Développement international', '325872'),
(651, 'Honeywell', '1344'),
(652, 'Norsk Hydro', '4187'),
(653, 'Philip Morris International Management', '1912'),
(654, 'En mission pour Pôle Emploi', '412401'),
(655, 'En mission pour GRTgaz', '3356791'),
(656, 'En mission pour ERDF', '541318'),
(657, 'En mission pour GDF SUEZ', '298246'),
(658, 'En mission pour Autoliv', '5949'),
(659, 'En mission pour Messier-Bugatti-Dowty', '13148'),
(660, ' Le 1 - Hebdomadaire national et international (pays francophones) d''information', '10964206'),
(661, 'Centre TEDyBEAR - Centre d''accueil pour enfants avec autisme', '10274908'),
(662, 'Valoris - Agence digitale, ESN, conseil en stratégie', '7544'),
(663, 'undisclosed', '1016257'),
(664, 'Bourjois', '162769'),
(665, 'DECLEOR / CARITA', '141500'),
(666, 'Sopra Banking Software', '2646846'),
(667, 'LINKBYNET | Certifiée ISO 20000', '31006'),
(668, 'Flashmatic', '3070763'),
(669, 'Klee Group', '17552'),
(670, 'InsideBoard', '5259101'),
(671, 'Netwave', '748063'),
(672, 'Powa Technologies | Powa Tag', '1475373'),
(673, 'AFM Téléthon', '1249783'),
(674, 'Internet Managers Club', '988047'),
(675, 'TQ3 Travel Solutions', '5587'),
(676, 'Avon Cosmetics', '2614'),
(677, 'Vistek ISRA Vision', '914035'),
(678, 'FC Barcelona', '37347'),
(679, 'AECOC', '97621'),
(680, 'Hard Rock Cafe Barcelona', '9919'),
(681, 'Givaudan', '4791'),
(682, 'Takasago', '27981'),
(683, 'SWEET INN', '9235235'),
(684, 'DIETSWELL', '229052'),
(685, 'SOCIETE GENERALE Corporate and Investment Banking', '3496831'),
(686, 'ORANGE Business Services', '1112'),
(687, 'Kantar Media', '654511'),
(688, 'Webedia', '574451'),
(689, 'Agence Tesla', '2797942'),
(690, 'Reperes', '121751'),
(691, 'Sundance Institute', '19556'),
(692, 'BlueStacks', '2051131'),
(693, 'AsSeenOnPhone, Inc.', '975441'),
(694, 'Driveitaway', '136202'),
(695, 'Kaunas University of Technology', '26522'),
(696, 'Kurk Lietuvai (Create Lithuania)', '3324920'),
(697, 'World Tourism Organization (UNWTO)', '735841'),
(698, 'The Slovene Dutch Business Platform - SDBP', '17903452'),
(699, 'European Commission', '1809'),
(700, 'Vilnius University', '166807'),
(701, 'NAVYA Group', '9218576'),
(702, 'EUROVIA', '44237'),
(703, 'Indigo Capital', '2674512'),
(704, 'Equistone Partners Europe Limited', '2753898'),
(705, 'Lincoln International', '22432'),
(706, 'Groupe HLD', '10196384'),
(707, 'Groupe Pomona', '36458'),
(708, 'France Quick', '1708571'),
(709, 'Anton Research', '111997'),
(710, 'Randstad', '2327'),
(711, 'yReceipts', '669416'),
(712, 'Wibilong', '5023706'),
(713, 'Weborama', '41510'),
(714, 'smartclip', '1035618'),
(715, 'Google', '1441'),
(716, 'Doubleclick France a Google company', '3187'),
(717, 'ValueClick France', '166759'),
(718, 'Interim Management', '1764522'),
(719, 'Venum', '3052423'),
(720, 'InVision Software', '12741'),
(721, 'Autonomy', '4014'),
(722, 'Computer Associates, Inc', '280583'),
(723, 'Juritravail', '9262281'),
(724, 'Everest Gaming', '17271'),
(725, 'Wargaming', '127309'),
(726, 'MotorK', '980966'),
(727, 'Calzedonia S.p.A.', '125359'),
(728, 'Friends of the Earth Middle East', '19921'),
(729, 'Italian Chamber of Commerce for Romania', '2317485'),
(730, 'Regione Lombardia', '24183'),
(731, 'Hiya Inc.', '7941823'),
(732, 'Maple Syrup Media', '10956866'),
(733, 'Talmix', '346559'),
(734, 'Under Armour', '14140'),
(735, 'ITYZ', '3132203'),
(736, 'Ericsson', '1060'),
(737, 'La Maison du Whisky - LMDW', '3254929'),
(738, 'Rémy Cointreau', '283831'),
(739, 'Altadis', '9144'),
(740, 'Elephorm', '1232879'),
(741, 'GROUPE M6', '263298'),
(742, 'Kookit', '968365'),
(743, 'Transamerica', '166486'),
(744, 'GE Healthcare', '1016'),
(745, 'IBM Global Process Services', '164262'),
(746, 'The Acker Group', '2102358'),
(747, 'MSLGROUP', '1332333'),
(748, 'cabinet DN', '273312'),
(749, 'Weber Shandwick', '4377'),
(750, 'European Parliament', '1816'),
(751, 'Withdesigners', '1228490'),
(752, 'Oxbow - Lafuma Group', '2911919'),
(753, 'Salomon Ski - Amer sports', '165824'),
(754, 'Labacar', '11008126'),
(755, 'RENT A CAR', '2679246'),
(756, 'Nous Citoyens', '3476792'),
(757, 'Leroy Merlin', '164715'),
(758, 'Conselium Executive Search', '137192'),
(759, 'Corporate Compliance Insights', '366574'),
(760, 'Page Executive', '1950050'),
(761, 'Michael Page', '3476'),
(762, 'Texdecor', '1067460'),
(763, 'Mondial Relay', '1343257'),
(764, 'Lille Grand Palais', '2919727'),
(765, 'American Express', '1277'),
(766, 'MainTool', '5044456'),
(767, 'Instabeat', '2562190'),
(768, 'ESSEC Business School', '11415'),
(769, 'GEP Worldwide', '164002'),
(770, 'Freudenberg', '327235'),
(771, 'Gemalto', '2683'),
(772, 'Netsize, a Gemalto company', '165164'),
(773, 'Red Bull', '165686'),
(774, 'de Bijenkorf', '394077'),
(775, 'Monarch Beverages', '4000881'),
(776, 'CampStead Ltd', '2282629'),
(777, 'Synchrone Fr', '123066'),
(778, 'Wine Selectors', '87061'),
(779, 'My Marketing Manager', '798708'),
(780, 'French Riviera Film Commission', '3227281'),
(781, 'Synthesio', '1088807'),
(782, 'Dassault Systemes', '3896'),
(783, 'Hawaii Smart collab', '2376629'),
(784, 'Conseil Général du Nord', '905253'),
(785, 'Bonduelle', '15409'),
(786, 'Valeo', '2669'),
(787, 'StarOfService', '2862947'),
(788, 'SOLIVE', '6262727'),
(789, 'Anagram.paris', '10795660'),
(790, 'Vanksen', '57480'),
(791, 'Outside The Pixel', '2373201'),
(792, 'DigitasLBi France', '563752'),
(793, 'WorkIT Software', '126011'),
(794, 'Micro Focus Software, Inc.', '6371'),
(795, 'airlinair', '440781'),
(796, 'Expedia', '2751'),
(797, 'Lyonnaise des Eaux', '164794'),
(798, 'Mentor Graphics', '2697'),
(799, 'VWR International', '166853'),
(800, 'Nexity', '39497'),
(801, 'miLibris', '262821'),
(802, 'Lucca', '105069'),
(803, 'Recommerce Solutions', '464825'),
(804, 'Aix-Marseille Université', '2909063'),
(805, 'Junior Consulting IAE Aix-Marseille', '4997848'),
(806, 'Sophis', '11575'),
(807, 'Groupe Clarins', '10116'),
(808, 'BY KILIAN', '10121013'),
(809, 'LACURE OFFICINE', '3554062'),
(810, 'LABORATOIRES IPRAD', '5133745'),
(811, 'AnotherBrain', '11381407'),
(812, 'Misys', '3305'),
(813, 'Softeam Cadextan', '15021'),
(814, 'CEA - Commissariat à l''énergie atomique et aux énergies alternatives', '162942'),
(815, 'Headline Cabinet de Recrutement', '2742031'),
(816, 'Action humanitaire et communautaire de l''Université de Montréal', '166700'),
(817, 'On Prend Un Café', '874285'),
(818, 'Groupe Cyril Lignac', '10196699'),
(819, 'Bacardi', '162616'),
(820, 'Michelin Travel Partner', '13246'),
(821, 'Restopolitan', '1094737'),
(822, '1000passions', '1719493'),
(823, 'Spir Communication', '94466'),
(824, 'Coupa Software', '99595'),
(825, 'Monster Technologies', '1845'),
(826, 'Eli Lilly', '1663'),
(827, 'Kindred Group plc', '9143'),
(828, 'Newmda Partners', '11113844'),
(829, '01net', '54160'),
(830, 'Meilleurmobile.com', '145669'),
(831, 'TIM', '1936'),
(832, 'Numericable', '32666'),
(833, 'Tradeshift', '845066'),
(834, 'Workday', '17719'),
(835, 'Telogis', '77549'),
(836, 'Mobile Enterprise Systems Ltd', '2276507'),
(837, 'mymarket.com', '97189'),
(838, 'iTradeNetwork', '43580'),
(839, '3663 First for Foodservice', '20155'),
(840, 'Eastman Kodak', '1515'),
(841, 'Benefit Cosmetics', '19295'),
(842, 'Estee Lauder Companies Europe', '1001340'),
(843, 'DECLEOR and CARITA', '851369'),
(844, 'GIVENCHY', '32987'),
(845, 'ForgeRock', '784549'),
(846, 'Headwaters MB', '36093'),
(847, 'Morgan Stanley', '497017'),
(848, 'First Advertising Agency', '386401'),
(849, 'Basware', '8140'),
(850, 'Perceptive Software', '10715'),
(851, 'SpeedAuthor Software Ltd', '595370'),
(852, 'Bid Solutions', '137705'),
(853, 'SGS', '4126'),
(854, 'FUGU ®', '2189396'),
(855, 'CAST SOFTWARE', '162909'),
(856, 'DDB LONDON', '163389'),
(857, 'TNS SOFRES', '166467'),
(858, 'Fabacus', '1831461'),
(859, 'Youth at Risk', '9314024'),
(860, 'Massena Partners', '1534947'),
(861, 'ARK', '2462546'),
(862, 'VERESCENCE', '15175688'),
(863, 'SGD Group', '275007'),
(864, 'Inaltum Consulting', '551562'),
(865, 'Credit Agricole Suisse', '1048518'),
(866, 'LaFourchette', '1122985'),
(867, 'cloak.ly', '6440855'),
(868, 'Excelfore Corporation', '1439086'),
(869, 'VLAB - MIT Enterprise Forum, Bay Area', '458952'),
(870, 'Kaazing Corporation', '227495'),
(871, 'Cloak Labs', '3722406'),
(872, 'YouGov plc', '109731'),
(873, 'Knowledge Networks', '4371'),
(874, 'Baker Tilly France', '2747718'),
(875, 'KPMG Romania', '2389718'),
(876, 'SYSTEME U', '53025'),
(877, 'IBC-DIALOG', '10230086'),
(878, 'NP6', '118445'),
(879, 'Equancy', '55072'),
(880, 'Kap Code', '11127621'),
(881, 'KAPPA SANTE', '1276766'),
(882, 'Crédit Agricole Sud Rhône Alpes', '1425431'),
(883, 'Inria', '164385'),
(884, 'Openvalue', '5256786'),
(885, 'Avira', '34316'),
(886, 'Prodjekt', '2580396'),
(887, 'Chronodrive', '1521074'),
(888, 'MWM', '11173366'),
(889, 'Teezily', '3491341'),
(890, 'KOEZIO', '807015'),
(891, 'Tape à l''oeil', '1228413'),
(892, 'Vivacom Events', '3063092'),
(893, 'Lactalis', '12394'),
(894, 'Oxygem - M6 WEB', '9342155'),
(895, 'La Voix l''Etudiant', '2489697'),
(896, 'Centric Software', '14847'),
(897, 'Makazi', '3308624'),
(898, 'Lectra', '8538'),
(899, 'eFront', '22306'),
(900, 'Wemind.io', '10964231'),
(901, 'AXA France', '237118'),
(902, 'Oliver Wyman', '2454'),
(903, 'Dejbox', '10271427'),
(904, 'Groupe ALLEVARD REJNA Autosuspensions (SOGEFI)', '1057737'),
(905, 'Boulanger', '48292'),
(906, 'Douglas Cosmetics/ Parfumerie Douglas', '1798701'),
(907, 'smartShift Technologies', '274687'),
(908, 'Trace One', '39883'),
(909, 'La Poste TELECOM', '6193007'),
(910, 'Lazard Freres & Co.', '4757'),
(911, 'Philips', '1090'),
(912, 'Masternaut', '1162210'),
(913, 'Credit Agricole CIB', '2579'),
(914, 'The Estée Lauder Companies Inc.', '4059'),
(915, 'Value Retail', '23036'),
(916, 'Unibail-Rodamco', '17605'),
(917, 'Rothschild & Cie', '5298'),
(918, 'Sonia Rykiel', '50324'),
(919, 'SQLI', '166101'),
(920, 'Expertime', '135249'),
(921, 'Wygwam', '53908'),
(922, 'Winwise', '166952'),
(923, 'External Workers', '11280896'),
(924, 'Natexo', '2118463'),
(925, 'NOVAE AEROSPACE', '9506878'),
(926, 'JLO CONSEIL', '977467'),
(927, 'Reed Business Information', '3071'),
(928, 'Arts Alliance Media', '29084'),
(929, 'Wind River', '3982'),
(930, 'Shazam Entertainment Ltd', '33685'),
(931, 'Macrovision Europe Ltd', '409050'),
(932, 'Global Business Intelligence Inc', '783273'),
(933, 't2 Group', '757590'),
(934, 'MoneyPlus Group Ltd', '845077'),
(935, 'Axway', '162610'),
(936, 'WYND - Digitalisation des points de vente', '3523280'),
(937, 'Le Camping Startup Accelerator', '1680986'),
(938, 'LEXIS NEXIS – Reed Elsevier • Edition • Paris', '2206'),
(939, 'DATOPS • Business Intelligence', '68252'),
(940, 'Real Impact Analytics', '1358598'),
(941, 'Université catholique de Louvain', '166698'),
(942, 'TRACTEBEL ENGINEERING - GDF SUEZ GROUP', '4997'),
(943, 'Cdiscount', '38727'),
(944, 'Intermittent du spectacle', '1602760'),
(945, 'ML Capital', '929355'),
(946, 'Converteo', '367690'),
(947, 'Cup of teach', '2597764'),
(948, 'BCG Digital Ventures', '3590362'),
(949, 'MyDrive Solutions Limited', '2073206'),
(950, 'Hallman & Burke', '590903'),
(951, 'BANCO SANTANDER (División de Banca Mayorista Global), Madrid', '2873'),
(952, 'MECALUX S.A., Barcelona', '37777'),
(953, 'INSA Rouen Normandie', '69060'),
(954, 'Qatar University', '43068'),
(955, 'ESIGELEC', '718156'),
(956, 'DATA4 Group', '5337493'),
(957, 'NTT Europe Ltd.', '219829'),
(958, 'NTT Europe', '3492'),
(959, 'Interoute', '4378'),
(960, 'Neuf Telecom (LDCOM Group, SIRIS, Kaptech) - Now SFR', '2289'),
(961, 'Cisco Systems Europe', '1063'),
(962, 'Bilendi', '5223831'),
(963, 'SeLoger.com', '318363'),
(964, 'MIDI:A:14', '10555212'),
(965, 'Le Figaro', '18391'),
(966, 'Sodexo', '3402'),
(967, 'Voyages-sncf.com', '13304'),
(968, 'OuiKnow', '9182811'),
(969, 'Kheolia', '2844587'),
(970, 'AGC Asahi Glass', '2930393'),
(971, 'Pitchy', '5049026'),
(972, 'Lengow', '397883'),
(973, 'Page Personnel - France', '339092'),
(974, 'ADNEOM', '54014'),
(975, 'Verhulst events', '267917'),
(976, 'Colt Technology Services', '2712'),
(977, 'Nortel', '1092'),
(978, 'Julius Communication', '22316749'),
(979, 'Digi International', '6245'),
(980, 'RBS - Ready Business System', '518010'),
(981, 'MEGA International', '9015'),
(982, 'SunGard', '1872'),
(983, 'EDF R&D', '4252'),
(984, 'Bouygues Travaux Publics', '1272601'),
(985, 'Benjamin Media', '19040'),
(986, 'Universal Music Group', '3007'),
(987, 'Allianz Worlwide Partners', '2255755'),
(988, 'Symphony EYC', '2855572'),
(989, 'ELLEGIANCE', '2658263'),
(990, 'Upsale Group', '1801608'),
(991, 'DMS (Direct Marketing Services)', '163477'),
(992, 'Wegener DM', '166904'),
(993, 'Verifone', '5005'),
(994, 'Groupe Casino', '355329'),
(995, 'Auchan', '6533'),
(996, 'Mars & Co.', '854430'),
(997, 'MAN Diesel & Turbo', '6422'),
(998, 'Carlson Wagonlit Travel', '2366'),
(999, 'Deutsche Bank North America', '1262'),
(2826, 'Facebook', '10667'),
(2827, 'Vivaki / AOD France', '452421'),
(2828, 'Viaccess-Orca', '2625246'),
(2829, 'GlobeCast', '10916'),
(2830, 'compuBase', '43557'),
(2831, 'Expat Communication', '1936904'),
(2832, 'INRA Transfert', '943481'),
(2833, 'SRUC', '645782'),
(2836, 'Galeries Lafayette', '13258');

